sample_id,Necropsied_by,Sample_condition,Death_year,Death_month,Death_day,Death_date,Submitters_name,Address,Location,UTM_zone,UTM_easting,UTM_northing,Location precision,Animal_detailsSpecies,Sex,Age Class (estimate),Age Class (actual),Age,CC,Age Range,Aging Notes,Nutritional_condition,External_observations,Weight_kg,Total_length_mm,Length_of_tail_mm,Length_of_hindfoot_mm,Height_of_ear_notch_mm,Chest_girth_mm,Internal_observations,General_comments,Disposition_of_carcass,Necropsy_Form_Notes,Photo_Number,SI_Muscle(2),SI_Muscle(3),SI_Skin(4),SI_Skin(5),Hair_Top,Hair_Bottom,Nobuto(6),Skull(7),GI(8)_shipped_to_Nagorsen,GI(8)_frozen_prey_remains,GI(8)_dried_ETOHpreyremains,SI_Femur(9),SI_Femur(9)a,PM4(10)_shipped_to_Matson's,SI FemaleReprOrg,muscle_c13,muscle_n15,bone_c13,bone_n15,bothair_c13,bothair_n15,tophair_c13,tophair_n15,AREA,salmon,salmon_sd,coast,coast_sd
1421-S3,,,,,,01-03-2018,,,Study sites 2-18B and 2-18C in Session 3,8,690188,5902399,,,F,,na,,,,,na,,,,,,,,,,,,,,,,,,,,,,,,,,,,,,,,-19.11267161,12.84356687,,,1391500,0.47150788,0.094000969,145.6192251,108.4859817
1421-S5,,,,,,01-04-2018,,,Study site 2-18B in Session 5,8,690188,5902399,,,F,,na,,,,,na,,,,,,,,,,,,,,,,,,,,,,,,,,,,,,,,,,-18.78508346,13.34495633,1391500,0.47150788,0.094000969,145.6192251,108.4859817
14-4851,R. Weir,Frozen,2013,na,na,na,James Alton,QCC,Trapline TR0613T009,8,679663,5918523,Trapline,M-MACA,M,Adult,Juvenile,0,A,,BR,Excellent,,1.19,661,233,92,na,150,"lots of omental and renal fat
older adult based on tooth wear",non-breeding condition,HG Landfill,"No info on bag

UTM is 24 S km on mainline (centre of 2 traplines (TR0613T009 and T005 - seems to be area trapped by James Alton, based on road km of carcasses)",,MFLNR,MFLNR,Victoria,Victoria,JP_4_MOE,JP_4_MOE,MOE,UBC,2014-07-16,Disposed of,MOE,MFLNR,MFLNR,2015-02-24,,-24.86839534,9.671811358,-21.97427739,7.789240636,-24.52927951,7.849262402,-24.89779845,7.508090731,3142000,0.158644956,0.014068008,9571.005325,499.6123116
14-4852,R. Weir,Frozen,2013,na,na,na,James Alton,QCC,Trapline TR0613T009,8,679663,5918523,Trapline,M-MACA,M,Adult,Juvenile,0,A,,,Excellent,,1.03,625,206,88,na,141,"lots of omental and renal fat
young male","non-breeding condition
tail has dried",HG Landfill,"No info on bag

UTM is 24 S km on mainline (centre of 2 traplines (TR0613T009 and T005 - seems to be area trapped by James Alton, based on road km of carcasses)",,MFLNR,MFLNR,Victoria,Victoria,JM_4_MOE,JM_4_MOE,MOE,UBC,2014-07-16,Disposed of,MOE,MFLNR,MFLNR,2015-02-24,,-22.66610268,10.70620431,-21.24413176,7.678968702,-22.2564194,6.833658616,-23.38255837,7.522924282,3142000,0.158644956,0.014068008,9571.005325,499.6123116
14-4853,R. Weir,Frozen,2013,na,na,na,James Alton,QCC,Trapline TR0613T009,8,679663,5918523,Trapline,M-MACA,M,Adult,Juvenile,0,A,,,Excellent,,1.19,645,221,85,na,142,lots of omental and renal fat,Non  breeding condition,HG Landfill,"No info on bag

UTM is 24 S km on mainline (centre of 2 traplines (TR0613T009 and T005 - seems to be area trapped by James Alton, based on road km of carcasses)",,MFLNR,MFLNR,Destroyed,Victoria,JP_4_MOE,JP_4_MOE,MOE,UBC,2014-07-16,Disposed of,MOE,MFLNR,MFLNR,2015-02-24,,-23.7216742,9.10714752,-21.58363925,8.112909184,-23.05324358,7.86904047,-23.56877804,8.790698433,3142000,0.158644956,0.014068008,9571.005325,499.6123116
14-4854,R. Weir,Frozen,2013,na,na,na,James Alton,QCC,Trapline TR0613T009,8,679663,5918523,Trapline,M-MACA,M,Adult,Juvenile,0,A,,,Excellent,,1.22,622,189,89,na,149,lots of omental and renal fat,Non  breeding condition,HG Landfill,"No info on bag

UTM is 24 S km on mainline (centre of 2 traplines (TR0613T009 and T005 - seems to be area trapped by James Alton, based on road km of carcasses)",,MFLNR,MFLNR,Victoria,Victoria,JM_4_MOE,JM_4_MOE,MOE,UBC,2014-07-16,Disposed of,MOE,MFLNR,MFLNR,2015-02-24,,-21.43999315,12.24988251,-21.44865435,6.961180092,-20.49321313,11.03353133,-21.83007436,9.779601828,3142000,0.158644956,0.014068008,9571.005325,499.6123116
14-4855,R. Weir,Frozen,2013,12,30,30/12/2013,James Alton,QCC,Trapline TR0613T009,8,679827,5920215,<1 km,M-MACA,F,Adult,Juvenile,0,A,,BR,Excellent,,0.91,573,191,76,na,137,"Lots of omental and renal fat
older adult - chipped canines and wear",reproductive organs encased in fat,HG Landfill,"Dec 30, 2013 
26S Mainline",,MFLNR,MFLNR,Victoria,Victoria,JP_5_MOE,JP_5_MOE,MOE,UBC,2014-07-16,Disposed of,MOE,MFLNR,MFLNR,2015-02-24,MFLNR,-23.41196148,9.639177546,-20.89542075,8.789856337,-21.57230713,5.954523499,-22.50340549,6.913759791,2931300,0.215104373,0.038934561,10728.39454,499.9057709
14-4856,R. Weir,Frozen,2014,1,3,03/01/2014,James Alton,QCC,Trapline TR0613T009,8,681402,5925233,<1 km,M-MACA,F,Juvenile,Juvenile,0,A,,BR,Excellent,,0.78,567,197,81,na,135,"lots of omental and renal fat
reporductive organs thin - non reproductive",,HG Landfill,"Jan 3, 2014

33S mainline",,MFLNR,MFLNR,Victoria,Victoria,JP_4_MOE,JP_4_MOE,MOE,UBC,2014-07-16,Disposed of,MOE,MFLNR,MFLNR,2015-02-24,MFLNR,-23.82360496,10.16230744,-22.71362654,7.977111339,-20.82056771,11.30547977,-22.83272028,11.15121084,1727500,0.302749732,0.017673996,15388.33086,499.7551229
14-4857,R. Weir,Frozen,2013,12,3,03/12/2013,James Alton,QCC,Trapline TR0613T005,8,690363,5906991,<1 km,M-MACA,M,Adult,Juvenile,0,A,,,Good,,1.17,619,193,88,na,140,"lots of omental and renal fat
adult, some wear on teeth",,HG Landfill,5S mainline,,MFLNR,MFLNR,Victoria,Victoria,JP_4_MOE,JP_4_MOE,MOE,UBC,2014-07-16,Disposed of,MOE,MFLNR,MFLNR,2015-02-24,,-24.38226398,8.995401436,-22.16039295,7.252175475,-21.94964699,8.118244125,-22.09470231,13.57105744,3105600,1.180420094,0.027282296,3022.018704,498.602609
14-4858,R. Weir,Frozen,2013,12,17,17/12/2013,James Alton,QCC,Trapline TR0613T005,8,682647,5915466,<1 km,M-MACA,F,Juvenile,Juvenile,0,A,,BR,Excellent,,0.83,588,189,78,na,124,Lots of omental and renal fat,juvenile - thin non-reproductive,HG Landfill,19S mainline,,MFLNR,MFLNR,Victoria,Victoria,JP_4_MOE,JP_4_MOE,MOE,UBC,2014-07-16,Disposed of,MOE,MFLNR,MFLNR,2015-02-24,MFLNR,-24.11959623,9.75982376,-22.79441296,8.513155464,-20.4304865,10.00012728,-19.8786882,10.22658616,600700,0.697293864,0.039996322,11080.40855,499.961158
14-4859,R. Weir,Frozen,2014,1,5,05/01/2014,James Alton,QCC,Trapline TR0613T009,8,679511,5919512,<1 km,M-MACA,F,Adult,Juvenile,0,A,,,Good,,0.82,567,166,80,na,122,Lots of omental and renal fat,,HG Landfill,25S mainline,,MFLNR,MFLNR,Victoria,Victoria,JP_4_MOE,JP_4_MOE,MOE,UBC,2014-07-16,Disposed of,MOE,MFLNR,MFLNR,2015-02-24,MFLNR,-24.34698026,8.331847258,-21.43229254,8.785772191,-20.75490077,10.43722258,-22.16919018,9.889370104,490800,0.141441808,0.014677832,10035.67852,499.8728804
14-4860,R. Weir,Frozen,2013,12,20,20/12/2013,James Alton,QCC,Trapline TR0613T005,8,682140,5916227,<1 km,M-MACA,M,Adult,Adult,1,A,,,Excellent,,1.28,648,210,90,na,162,Lots of omental and renal fat,He's very big,HG Landfill,20S mainline,,MFLNR,MFLNR,Victoria,Victoria,JP_4_MOE,JP_4_MOE,MOE,UBC,2014-07-16,Disposed of,MOE,MFLNR,MFLNR,2015-02-24,,-24.14703913,9.611488251,-21.72066939,6.188255516,-19.35727312,12.75026762,-20.90387651,11.1976893,2951400,0.555989696,0.057621471,10807.818,499.5949912
14-4861,R. Weir,Frozen,2013,12,28,28/12/2013,James Alton,QCC,Trapline TR0613T009,8,681239,5917909,<1 km,M-MACA,M,Adult,Juvenile,0,A,,BR,Excellent,missing tail - nose-sacral length: 445 mm,1.22,,,92,na,150,Lots of omental and renal fat,,HG Landfill,22S mainline,,MFLNR,MFLNR,Victoria,Victoria,JP_4_MOE,JP_4_MOE,MOE,UBC,2014-07-16,Disposed of,MOE,MFLNR,MFLNR,2015-02-24,,-30.21289996,7.500179504,-22.27185776,7.215418163,-23.01207923,7.639614883,-23.77655999,6.974082898,2914800,0.28441044,0.087164073,10619.16822,499.6571221
14-4862,R. Weir,Frozen,2014,1,1,01/01/2014,James Alton,QCC,Trapline TR0613T005,8,689902,5907907,<1 km,M-MACA,M,Adult,Juvenile,0,A,,,Excellent,,1.15,640,202,88,na,145,Lots of omental and renal fat,,HG Landfill,6S mainline,,MFLNR,MFLNR,Victoria,Victoria,JP_4_MOE,JP_4_MOE,MOE,UBC,2014-07-16,Disposed of,MOE,MFLNR,MFLNR,2015-02-24,,-24.48909527,7.928374674,-20.73078007,7.58809646,-22.99345726,8.281413185,-22.00943331,9.231749347,729500,1.187459608,0.02939629,4043.372826,499.2257998
14-4863,R. Weir,Frozen,2013,12,26,26/12/2013,James Alton,QCC,Trapline TR0613T005,8,686076,5914254,<1 km,M-MACA,M,Adult,Adult,2,B,2-3,,Obese,,1.25,635,217,94,na,157,"Obese: lots of omental and renal fat
Old male: worn teeth
Stomach almost empty","MT photos: 955, 956, 957, 958",HG Landfill,15S mainline,"P1000955, P1000956, P1000957, P1000958",MFLNR,MFLNR,Victoria,Victoria,JP_4_MOE,JP_4_MOE,MOE,UBC,2014-07-16,Disposed of,MOE,MFLNR,MFLNR,2015-02-24,,-25.61327403,6.320417755,-21.01506646,6.440451514,-23.58838011,6.599288512,-24.65571287,7.040339426,3141200,0.690613721,0.069607774,11331.64326,497.6244866
14-4864,R. Weir,Frozen,2013,12,24,24/12/2013,James Alton,QCC,Trapline TR0613T005,8,683551,5915175,<1 km,M-MACA,M,Juvenile,Juvenile,0,A,,,Good,,0.98,652,220,92,na,139,"enlarged gall bladder
discolouration of liver
guts pretty empty",MT photos: 959,HG Landfill,18S mainline,P1000959,MFLNR,MFLNR,Victoria,Victoria,JP_4_MOE,JP_4_MOE,MOE,UBC,2014-07-16,Disposed of,MOE,MFLNR,MFLNR,2015-02-24,,-24.2479898,9.529409269,-21.75543822,7.069409954,-22.09960283,9.524464752,-20.61376586,13.08550587,3139900,0.708029412,0.083770493,11863.1436,483.6482397
14-4865,R. Weir,Frozen,2013,na,na,na,James Alton,QCC,Trapline TR0613T009,8,679663,5918523,Trapline,M-MACA,M,Adult,Adult,1,A,,BR,Excellent,,1.33,625,202,90,na,161,,,HG Landfill,"No info on bag

UTM is 24 S km on mainline (centre of 2 traplines (TR0613T009 and T005 - seems to be area trapped by James Alton, based on road km of carcasses)",,MFLNR,MFLNR,Victoria,Victoria,JP_4_MOE,JP_4_MOE,MOE,UBC,2014-07-16,Disposed of,MOE,MFLNR,MFLNR,2015-02-24,,-25.61523424,11.13341057,-21.19095589,7.803535146,-20.36775987,11.54380548,-23.70991295,14.45711488,3142000,0.158644956,0.014068008,9571.005325,499.6123116
14-4866,R. Weir,Frozen,2013,12,7,07/12/2013,James Alton,QCC,Trapline TR0613T005,8,690057,5908870,<1 km,M-MACA,M,Adult,Adult,1,A,,BR,Good,,1.24,638,211,93,na,155,"Teeth chipped, bit worn",,HG Landfill,7S mainline,,MFLNR,MFLNR,Destroyed,Victoria,JM_4_MOE,JM_4_MOE,MOE,UBC,2014-07-16,Disposed of,MOE,MFLNR,MFLNR,2015-02-24,,-22.55241067,10.59346932,-19.39933803,6.594628014,-22.40931555,8.78970953,-23.39824003,9.481941906,3141300,1.076391214,0.071231285,4887.037966,499.1461023
14-4867,R. Weir,Frozen,2013,12,9,09/12/2013,James Alton,QCC,Trapline TR0613T005,8,690057,5908870,<1 km,M-MACA,M,Juvenile,Juvenile,0,A,,,Good,,1.1,660,215,90,na,144,,,HG Landfill,7S mainline,,MFLNR,MFLNR,Destroyed,Victoria,JM_4_MOE,JM_4_MOE,MOE,UBC,2014-07-16,Disposed of,MOE,MFLNR,MFLNR,2015-02-24,,-22.28876282,11.85333225,-21.28299105,6.711026167,-21.22339026,9.843880548,-23.2237816,10.07528394,3141300,1.076391214,0.071231285,4887.037966,499.1461023
14-4868,R. Weir,Frozen,2014,1,11,11/01/2014,James Alton,QCC,Trapline TR0613T009,8,681239,5917909,<1 km,M-MACA,M,Adult,Juvenile,0,A,,,Excellent,tip of tail missing,1.16,,,88,na,152,lots of omental and renal fat,,HG Landfill,22S mainline,,MFLNR,MFLNR,Destroyed,Victoria,JM_4_MOE,JM_4_MOE,MOE,UBC,2014-07-16,Disposed of,MOE,MFLNR,MFLNR,2015-02-24,,-25.04775429,9.976393603,-21.80452365,7.691221139,-20.94014034,10.90398499,-20.9293592,13.06572781,2914800,0.28441044,0.087164073,10619.16822,499.6571221
14-4869,R. Weir,Frozen,2013,12,28,28/12/2013,James Alton,QCC,Trapline TR0613T009,8,680324,5917968,<1 km,M-MACA,M,Adult,Adult,6,B,5-6,BR,Obese,,1.5,660,210,95,na,168,old male,"MT photos: 960, 961",HG Landfill,23S mainline,"P1000960, P1000961",MFLNR,MFLNR,Destroyed,Victoria,JM_4_MOE,JM_4_MOE,MOE,UBC,2014-07-16,Disposed of,MOE,MFLNR,MFLNR,2015-02-24,,-25.92004644,7.928374674,-22.50194567,6.953011801,-23.79616206,7.047261749,-24.23132804,7.652470627,518900,0.231360576,0.079674912,9842.674098,499.8424693
14-4870,R. Weir,Frozen,2013,12,20,20/12/2013,James Alton,QCC,Trapline TR0613T009,8,679827,5920215,<1 km,M-MACA,F,Adult,Juvenile,0,A,,,Excellent,,0.85,590,197,82,na,127,,,HG Landfill,26S mainline,,MFLNR,MFLNR,Destroyed,Victoria,JM_4_MOE,JM_4_MOE,MOE,UBC,2014-07-16,Disposed of,MOE,MFLNR,MFLNR,2015-02-24,MFLNR,-22.37011141,10.27405352,-21.15516443,5.217249872,-21.04795173,9.965515666,-21.02148894,10.59742493,2931300,0.215104373,0.038934561,10728.39454,499.9057709
14-4871,R. Weir,Frozen,2013,12,5,05/12/2013,James Alton,QCC,Trapline TR0613T005,8,690057,5908870,<1 km,M-MACA,M,Adult,Adult,2,B,2-3,BR,Excellent,,1.23,685,213,94,na,150,,,HG Landfill,7S main,,MFLNR,MFLNR,Destroyed,Victoria,JM_4_MOE,JM_4_MOE,MOE,UBC,2014-07-16,Disposed of,MOE,MFLNR,MFLNR,2015-02-24,,-26.75901507,6.820802872,-21.01097601,7.149050795,-22.92583012,5.984190601,-22.55927139,6.143404047,3141300,1.076391214,0.071231285,4887.037966,499.1461023
14-4872,R. Weir,Frozen,2014,1,7,07/01/2014,James Alton,QCC,Trapline TR0613T009,8,681239,5917909,<1 km,M-MACA,M,Adult,Adult,1,A,,,Excellent,,1.3,632,215,90,na,157,Fat!!,,HG Landfill,"22S mainline
Jan 7 2014",,MFLNR,MFLNR,Destroyed,Victoria,JM_4_MOE,JM_4_MOE,,UBC,2014-07-16,Disposed of,MOE,MFLNR,MFLNR,2015-02-24,,-27.44410745,10.13165144,-22.56637028,7.358363263,-22.44753959,9.993204961,-23.78832124,8.335802872,2914800,0.28441044,0.087164073,10619.16822,499.6571221
14-4873,R. Weir,Frozen,2014,1,12,12/01/2014,James Alton,QCC,Trapline TR0613T009,8,679254,5921722,<1 km,M-MACA,M,Adult,Adult,2,B,2-3,BR,Excellent,,1.31,628,210,93,na,149,,,HG Landfill,28S mainline,,MFLNR,MFLNR,Destroyed,Victoria,JM_4_MOE,JM_4_MOE,MOE,UBC,2014-07-16,Disposed of,MOE,MFLNR,MFLNR,2015-02-24,,-25.01345066,7.589180809,-21.43842822,5.343858389,-23.43450386,6.822780679,-24.2764128,6.863325718,2832700,0.228336236,0.033589326,11364.061,499.6786768
14-4874,R. Weir,Frozen,2014,1,9,09/01/2014,James Alton,QCC,Trapline TR0613T009,8,679827,5920215,<1 km,M-MACA,M,Juvenile,Juvenile,0,A,,,Good,,1.04,645,215,91,na,134,,,HG Landfill,"26S mainline
Jan 9 2014",,MFLNR,MFLNR,Destroyed,Victoria,JM_4_MOE,JM_4_MOE,,UBC,2014-07-16,Disposed of,MOE,MFLNR,MFLNR,2015-02-24,,-24.71157877,6.914748695,-20.98745591,6.917275526,-23.99120267,6.765424282,-24.82429068,6.5666547,2931300,0.215104373,0.038934561,10728.39454,499.9057709
14-4875,R. Weir,Frozen,2014,1,7,07/01/2014,James Alton,QCC,Trapline TR0613T009,8,679827,5920215,<1 km,M-MACA,F,Adult,Juvenile,0,A,,BR,Good,,0.74,575,184,81,na,120,,,HG Landfill,26S mainline,,MFLNR,MFLNR,Destroyed,Victoria,JM_4_MOE,JM_4_MOE,,UBC,2014-07-16,Disposed of,MOE,MFLNR,MFLNR,2015-02-24,MFLNR,-24.31071642,9.136814621,-21.15414182,7.953627501,-22.7004063,7.251964752,-23.02090016,7.499190601,2931300,0.215104373,0.038934561,10728.39454,499.9057709
14-4876,R. Weir,Frozen,2013,12,26,26/12/2013,James Alton,QCC,Trapline TR0613T009,8,679732,5922591,<1 km,M-MACA,M,Juvenile,Adult,1,A,,,Good,,1.1,620,192,89,na,139,,,HG Landfill,29S mainline,,MFLNR,MFLNR,Destroyed,Victoria,JM_4_MOE,JM_4_MOE,,UBC,2014-07-16,Disposed of,MOE,MFLNR,MFLNR,2015-02-24,,-27.3745201,9.105169713,-24.05836255,7.136798358,-22.65630164,9.111103133,-23.01501954,8.899477807,1901800,0.265264823,0.022850827,12321.99981,499.7636221
14-4877,R. Weir,Frozen,2014,1,7,07/01/2014,James Alton,QCC,Trapline TR0613T009,8,681888,5927128,<1 km,M-MACA,F,Adult,Adult,1,A,,BR,Good,,0.86,591,195,81,na,129,,,HG Landfill,"34S mainline
(RW: mainline switches from ""S"" to ""N"" at 33.2 km - assume this was supposed to be 34N - this is where the geocoordinate is for)",,MFLNR,MFLNR,Destroyed,Victoria,JM_4_MOE,JM_4_MOE,,UBC,2014-07-16,Disposed of,MOE,MFLNR,MFLNR,2015-02-24,MFLNR,-24.35678129,8.710597258,-22.52546576,8.939948692,-20.16585854,8.997379243,-22.11430439,8.24185705,3141400,0.251034413,0.022270206,16886.20425,348.0974354
14-4878,R. Weir,Frozen,2013,12,28,28/12/2013,James Alton,QCC,Trapline TR0613T009,8,679254,5921722,<1 km,M-MACA,M,Adult,Adult,2,A,,BR,Obese,,1.37,650,208,88,na,164,"obese
lots of fat surrounding liver","MT photos: 962, 963",HG Landfill,28S mainline,"P1000962, P1000963",MFLNR,MFLNR,Victoria,Victoria,JP_4_MOE,JP_4_MOE,,UBC,2014-07-16,Disposed of,MOE,MFLNR,MFLNR,2015-02-24,,-27.1265539,7.014627937,-21.97325478,8.356936891,-24.01962567,7.273720627,-23.96571998,8.166700392,2832700,0.228336236,0.033589326,11364.061,499.6786768
14-4879,R. Weir,Frozen,2014,1,5,05/01/2014,James Alton,QCC,Trapline TR0613T005,8,686877,5913734,<1 km,M-MACA,M,Adult,Adult,1,A,,,Excellent,no tail - nose-sacrum length: 425 mm,1.3,,,92,na,158,part of tail mising,,HG Landfill,14S mainline,,MFLNR,MFLNR,Victoria,Victoria,JP_4_MOE,JP_4_MOE,,UBC,2014-07-16,Disposed of,MOE,MFLNR,MFLNR,2015-02-24,,-24.21760659,8.910355744,-22.29333263,7.611580298,-21.58406837,9.624343995,-21.90456223,9.973426893,1832900,0.606214812,0.065907459,10586.03597,498.3844724
14-4880,R. Weir,Frozen,2013,12,28,28/12/2013,James Alton,QCC,Trapline TR0613T009,8,679827,5920215,<1 km,M-MACA,M,Adult,Adult,5,A,,,Obese,,1.41,650,210,88,na,158,,,HG Landfill,26S mainline,,MFLNR,MFLNR,Victoria,Victoria,JP_4_MOE,JP_4_MOE,,UBC,2014-07-16,Disposed of,MOE,MFLNR,MFLNR,2015-02-24,,-25.3564869,8.633462794,-21.24310915,6.915233453,-23.04932317,6.858381201,-23.10322886,5.898156005,2931300,0.215104373,0.038934561,10728.39454,499.9057709
14-4881,R. Weir,Frozen,2014,1,4,04/01/2014,James Alton,QCC,Trapline TR0613T009,8,680539,5923692,<1 km,M-MACA,M,Juvenile,Juvenile,0,A,,BR,Excellent,,1.09,620,195,94,na,139,portions of liver light coloured,,HG Landfill,31S mainline,,MFLNR,MFLNR,Victoria,Victoria,JP_4_MOE,JP_4_MOE,,UBC,2014-07-16,Disposed of,MOE,MFLNR,MFLNR,2015-02-24,,-23.95297863,9.625332898,-21.52637293,6.782498717,-21.73304411,5.960456919,-22.84252132,6.291739556,2501400,0.293066707,0.020745502,13675.47648,499.7028533
14-4882,R. Weir,Frozen,2013,12,26,26/12/2013,James Alton,QCC,Trapline TR0613T009,8,682140,5916227,<1 km,M-MACA,F,Adult,Juvenile,0,A,,BR,Good,,0.76,578,187,83,na,126,broken canines,,HG Landfill,20S mainline,,MFLNR,MFLNR,Victoria,Victoria,JP_4_MOE,JP_4_MOE,,UBC,2014-07-16,Disposed of,MOE,MFLNR,MFLNR,2015-02-24,MFLNR,-24.07941199,9.453263708,-22.87826722,9.788429964,-19.51703,10.26020888,-20.21976424,9.172415144,2951400,0.555989696,0.057621471,10807.818,499.5949912
14-4883,R. Weir,Frozen,2014,1,1,01/01/2014,James Alton,QCC,Trapline TR0613T009,8,679732,5922591,<1 km,M-MACA,M,Juvenile,Juvenile,0,A,,,Obese,,1.19,665,222,93,na,149,"obese, but no fat around heart",,HG Landfill,29S mailine,,MFLNR,MFLNR,Victoria,Victoria,JP_4_MOE,JP_4_MOE,,UBC,2014-07-16,Disposed of,MOE,MFLNR,MFLNR,2015-02-24,,-24.55084179,10.81300587,-21.40161415,7.404309903,-21.38510735,10.06935052,-23.23848315,9.582810052,1901800,0.265264823,0.022850827,12321.99981,499.7636221
14-4884,R. Weir,Frozen,2014,1,1,01/01/2014,James Alton,QCC,Trapline TR0613T005,8,689334,5911211,<1 km,M-MACA,F,Juvenile,Juvenile,0,A,,,Excellent,,0.81,565,165,82,na,125,young uterus,,HG Landfill,10 S mainline,,MFLNR,MFLNR,Victoria,Victoria,JP_4_MOE,JP_4_MOE,,UBC,2014-07-16,Disposed of,MOE,MFLNR,MFLNR,2015-02-24,MFLNR,-23.45116562,9.416674282,-22.29333263,7.333858389,-20.4295064,9.342506527,-21.14204167,9.773668407,3140700,0.867960697,0.05664824,7334.591248,499.3098553
14-4885,R. Weir,Frozen,2013,12,30,30/12/2013,James Alton,QCC,Trapline TR0613T009,8,679827,5920215,<1 km,M-MACA,M,Adult,Adult,3,B,3-4,BR,Excellent,,1.19,655,205,95,na,155,"Flesh very pale
very pale liver
enlarged gallbladder
heart encased in fat","MT photos: 964, 965, 966, 967",HG Landfill,26 S mainline,"P1000964, P1000965, P1000966, P1000967",MFLNR,MFLNR,Victoria,Victoria,JP_4_MOE,JP_4_MOE,,UBC,2014-07-16,Disposed of,MOE,MFLNR,MFLNR,2015-02-24,,-24.77136509,7.799817232,-23.35685008,6.67018471,-22.01433382,9.146703655,-23.68541036,8.674996736,2931300,0.215104373,0.038934561,10728.39454,499.9057709
14-4886,R. Weir,Frozen,2014,1,5,05/01/2014,James Alton,QCC,Trapline TR0613T009,8,679827,5920215,<1 km,M-MACA,F,Juvenile,Juvenile,0,A,,,Good,,0.82,590,185,82,na,124,"lower end of ""good"" condition",,HG Landfill,26 S mainline,,MFLNR,MFLNR,Victoria,Victoria,JP_4_MOE,JP_4_MOE,,UBC,2014-07-16,Disposed of,MOE,MFLNR,MFLNR,2015-02-24,MFLNR,-22.58377398,11.01375326,-21.20220463,8.103719856,-18.76235027,11.35294713,-18.86036062,11.97002285,2931300,0.215104373,0.038934561,10728.39454,499.9057709
14-4887,R. Weir,Frozen,2013,12,9,09/12/2013,James Alton,QCC,Trapline TR0613T005,8,686076,5914254,<1 km,M-MACA,F,Juvenile,Juvenile,0,A,,BR,Good,,0.84,589,190,84,na,124,,,HG Landfill,15 S mainline,,MFLNR,MFLNR,Victoria,Victoria,JP_4_MOE,JP_4_MOE,,UBC,2014-07-16,Disposed of,MOE,MFLNR,MFLNR,2015-02-24,MFLNR,-20.7901845,11.88695496,-19.07516973,6.294443304,-19.62484139,10.7052154,-20.85291113,10.6458812,3141200,0.690613721,0.069607774,11331.64326,497.6244866
14-4888,R. Weir,Frozen,2013,12,8,08/12/2013,James Alton,QCC,Trapline TR0613T005,8,682647,5915466,<1 km,M-MACA,M,Juvenile,Juvenile,0,A,,,Excellent,,1.05,625,205,86,na,142,big single lobe liver,,HG Landfill,19 S mainline,,MFLNR,MFLNR,Victoria,Victoria,JM_4_MOE,JM_4_MOE,,UBC,2014-07-16,Disposed of,MOE,MFLNR,MFLNR,2015-02-24,,-23.3639364,8.388214752,-20.67760419,7.523771165,-22.05157776,8.808498695,-20.57848213,9.700489556,600700,0.697293864,0.039996322,11080.40855,499.961158
14-4889,R. Weir,Frozen,2013,12,5,05/12/2013,James Alton,QCC,Trapline TR0613T005,8,687892,5912391,<1 km,M-MACA,M,Adult,Adult,1,B,1-2,BR,Excellent,,1.35,660,220,97,na,164,broken canine,,HG Landfill,12 S mainline,,MFLNR,MFLNR,Victoria,Victoria,DB_4&5_MOE,DB_4&5_MOE,,UBC,2014-07-16,Disposed of,MOE,MFLNR,MFLNR,2015-02-24,,-21.43509263,11.8701436,-21.43331515,6.779435608,-22.61121688,9.108136423,-20.15703761,11.55765013,2845500,0.721880619,0.075044949,8960.314609,499.932582
14-4890,R. Weir,Frozen,2014,1,5,05/01/2014,James Alton,QCC,Trapline TR0613T009,8,681239,5917909,<1 km,M-MACA,M,Adult,Adult,1,A,,BR,Excellent,tip of tail missing - nose-sacrum length: 430,1.14,,,92,na,143,"liver is pale
swollen gallbladder",,HG Landfill,22 S mainline,,MFLNR,MFLNR,Victoria,Victoria,DB_4_MOE,DB_4_MOE,,UBC,2014-07-16,Disposed of,MOE,MFLNR,MFLNR,2015-02-24,,-23.77263958,9.985293734,-20.85553884,7.598306824,-22.28876282,7.71477154,-21.49977946,10.86047324,2914800,0.28441044,0.087164073,10619.16822,499.6571221
14-4891,R. Weir,Frozen,2013,na,na,na,James Alton,QCC,Trapline TR0613T009,8,679663,5918523,Trapline,M-MACA,F,Juvenile,Juvenile,0,A,,,Good,,0.77,580,180,81,na,124,"very young juvenile
repro tract not collected","MT photos: 968, 969",HG Landfill,"No info on bag

UTM is 24 S km on mainline (centre of 2 traplines (TR0613T009 and T005 - seems to be area trapped by James Alton, based on road km of carcasses)","P1000968, P1000969",MFLNR,MFLNR,Victoria,Victoria,DB_4_MOE,DB_4_MOE,,UBC,2014-07-16,Disposed of,MOE,MFLNR,MFLNR,2015-02-24,NC,-24.13037737,7.871018277,-20.62136048,7.096977937,-22.08196097,8.596873368,-22.91308877,7.340966057,3142000,0.158644956,0.014068008,9571.005325,499.6123116
14-4892,R. Weir,Frozen,2014,1,5,05/01/2014,James Alton,QCC,Trapline TR0613T005,8,690363,5906991,<1 km,M-MACA,F,Adult,Juvenile,0,A,,BR,Good,,0.83,595,185,78,na,130,,,HG Landfill,5S mainline,,MFLNR,MFLNR,Victoria,Victoria,DB_4_MOE,DB_4_MOE,,UBC,2014-07-16,Disposed of,MOE,MFLNR,MFLNR,2015-02-24,MFLNR,-23.99120267,8.292291123,-21.2789006,7.934227809,-22.54358974,8.650274151,-23.49723048,8.034187337,3105600,1.180420094,0.027282296,3022.018704,498.602609
14-4893,R. Weir,Frozen,2014,1,7,07/01/2014,James Alton,QCC,Trapline TR0613T005,8,684447,5914930,<1 km,M-MACA,F,Adult,Juvenile,0,A,,BR,Excellent,,0.93,580,182,84,na,140,Full stomach,,HG Landfill,"Jan 7 2014
17 S mainline",,MFLNR,MFLNR,Victoria,Victoria,DB_4_MOE,DB_4_MOE,,UBC,2014-07-16,Disposed of,MOE,MFLNR,MFLNR,2015-02-24,MFLNR,-28.121359,7.905629896,-20.79520468,8.049604926,-22.4240171,8.229001305,-23.33845371,8.778831593,1632800,0.734229197,0.111461389,12226.00329,406.4458321
14-4894,R. Weir,Frozen,2014,1,18,18/01/2014,James Alton,QCC,Trapline TR0613T005,8,690363,5906991,<1 km,M-MACA,F,Juvenile,Juvenile,0,A,,BR,Good,,0.67,585,190,83,na,120,"not in good shape
repro organs too small to collect",,HG Landfill,5S mainline,,MFLNR,MFLNR,Victoria,Victoria,DB_4_MOE,DB_4_MOE,,UBC,2014-07-16,Disposed of,MOE,MFLNR,MFLNR,2015-02-24,NC,-23.10616917,9.885414491,-21.4210438,8.810277065,-22.091762,8.815421018,-23.70991295,10.7902611,3105600,1.180420094,0.027282296,3022.018704,498.602609
14-4895,R. Weir,Frozen,2014,1,7,07/01/2014,James Alton,QCC,Trapline TR0613T009,8,680279,5922839,<1 km,M-MACA,F,Juvenile,Juvenile,0,A,,BR,Good,,0.75,570,185,84,na,133,reprod organs too small to collect,,HG Landfill,30 S mainline,,MFLNR,MFLNR,Victoria,Victoria,DB_4_MOE,DB_4_MOE,,UBC,2014-07-16,Disposed of,MOE,MFLNR,MFLNR,2015-02-24,NC,-25.65051797,8.832232376,-21.80247842,7.180702925,-22.01041341,9.462163838,-21.59876992,11.06220953,403600,0.302435984,0.004024837,12879.08108,499.8624354
14-4896,R. Weir,Frozen,2014,1,6,06/01/2014,Berry Wijdeven,Tlell,"Halibut Bight, Haida Gwaii",9,304815,5918736,<100 m,M-MACA,F,Juvenile,Juvenile,0,A,,BR,Good,,0.74,595,200,82,na,134,guts empty,,HG Landfill,"roadkill 
Halibut bite",,MFLNR,MFLNR,Victoria,Victoria,DB_4_MOE,DB_4_MOE,,UBC,2014-07-16,Disposed of,MOE,MFLNR,MFLNR,2015-02-24,MFLNR,-22.26426023,9.603577023,-21.69305884,7.535002565,-22.66806289,8.816409922,-23.44234469,9.866625326,1943400,0.387217461,0.037994287,482.7523873,293.3483957
14-4897,R. Weir,Frozen,2013,12,26,26/12/2013,James Alton,QCC,Trapline TR0613T009,8,681648,5926176,<1 km,M-MACA,M,Juvenile,Adult,2,A,,BR,Good,,1.13,638,218,89,na,150,,,HG Landfill,"35 S mainline
RW: assume this is supposed to be 35N on mainline",,MFLNR,MFLNR,Victoria,Victoria,DB_4_MOE,DB_4_MOE,,UBC,2014-07-16,Disposed of,MOE,MFLNR,MFLNR,2015-02-24,,-26.2689633,9.186259791,-20.71441826,5.561339148,-22.60435616,9.901236945,-20.50791468,10.9089295,1883700,0.293146258,0.024036197,16250.42868,499.9573624
14-4898,R. Weir,Frozen,2013,12,30,30/12/2013,James Alton,QCC,Trapline TR0613T009,8,679827,5920215,<1 km,M-MACA,M,Adult,Adult,2,B,2-3,,Good,,1.2,640,185,95,na,150,,,HG Landfill,26 S mainline,,MFLNR,MFLNR,Victoria,Victoria,DB_4_MOE,DB_4_MOE,,UBC,2014-07-16,Disposed of,MOE,MFLNR,MFLNR,2015-02-24,,-23.47174779,8.630496084,-21.21243076,7.951585428,-23.06402472,8.073743473,-23.24534387,8.131099869,2931300,0.215104373,0.038934561,10728.39454,499.9057709
14-4899,R. Weir,Frozen,2013,12,28,28/12/2013,James Alton,QCC,Trapline TR0613T005,8,690363,5906991,<100 m,M-MACA,F,Juvenile,Juvenile,0,A,,,Fair,,0.81,585,180,83,na,125,repro tract too small to collect,,HG Landfill,5 S mainline,,MFLNR,MFLNR,Victoria,Victoria,DB_4_MOE,DB_4_MOE,,UBC,2014-07-16,Disposed of,MOE,MFLNR,MFLNR,2015-02-24,NC,-20.46282992,11.23526762,-22.22584017,7.533981529,-20.96562303,9.766746084,-22.13194625,9.543253916,3105600,1.180420094,0.027282296,3022.018704,498.602609
14-4900,R. Weir,Frozen,2013,12,20,20/12/2013,James Alton,QCC,Trapline TR0613T009,8,681239,5917909,<1 km,M-MACA,F,Juvenile,Juvenile,0,A,,,Good,,0.79,575,178,80,na,131,repro tract too small to collect,,HG Landfill,22S mailine,,MFLNR,MFLNR,Victoria,Victoria,DB_4_MOE,DB_4_MOE,,UBC,2014-07-16,Disposed of,MOE,MFLNR,MFLNR,2015-02-24,NC,-25.37020835,8.693785901,-20.91075994,7.283827604,-20.43832733,9.994193864,-20.34031697,10.98111945,2914800,0.28441044,0.087164073,10619.16822,499.6571221
14-4901,R. Weir,Frozen,2013,12,22,22/12/2013,James Alton,QCC,Trapline TR0613T009,8,679827,5920216,<1 km,M-MACA,M,Juvenile,Adult,1,B,0-1,BR,Good,,1.09,650,218,89,na,139,big liver,,HG Landfill,"Dec 22 2013

26S mainline",,MFLNR,MFLNR,Victoria,Victoria,DB_4_MOE,DB_4_MOE,,UBC,2014-07-16,Disposed of,MOE,MFLNR,MFLNR,2015-02-24,,-22.01335372,10.4995235,-22.48558386,8.763309389,-22.85526266,8.394148172,-22.88368567,8.581050914,1300,0.27217249,0.028833415,10728.72453,499.8511654
14-4902,R. Weir,Frozen,2013,12,22,22/12/2013,James Alton,QCC,Trapline TR0613T009,8,681152,5924244,<1 km,M-MACA,M,Adult,Adult,1,A,,,Excellent,,1.51,650,215,93,na,158,big belly!,"MT photos 970, 971, 972",HG Landfill,32S mainline,"P1000970, P1000971, P1000972",MFLNR,MFLNR,Victoria,Victoria,DB_4_MOE,DB_4_MOE,,UBC,2014-07-16,Disposed of,MOE,MFLNR,MFLNR,2015-02-24,,-23.79616206,7.971886423,-22.08676481,7.34202668,-22.35835017,9.385029373,-21.44391356,11.24812337,557000,0.308619006,0.010703649,14497.3826,499.9052169
14-4903,R. Weir,Frozen,2013,12,24,24/12/2013,James Alton,QCC,Trapline TR0613T009,8,681152,5924244,<1 km,M-MACA,M,Juvenile,Juvenile,0,A,,,Excellent,,1.25,610,180,89,na,153,,,HG Landfill,32S mainline,,MFLNR,MFLNR,Victoria,Victoria,DB_4_MOE,DB_4_MOE,,UBC,2014-07-16,Disposed of,MOE,MFLNR,MFLNR,2015-02-24,,-27.29709192,6.380740862,-21.27276492,7.981195485,-22.95327302,7.308332245,-24.07353137,7.762238903,557000,0.308619006,0.010703649,14497.3826,499.9052169
14-4904,R. Weir,Frozen,2013,12,28,28/12/2013,James Alton,QCC,Trapline TR0613T009,8,679827,5920216,<1 km,M-MACA,M,Adult,Adult,1,A,,,Obese,,1.45,650,184,89,na,162,pretty freakin fat!,,HG Landfill,26 S mainline,,MFLNR,MFLNR,Victoria,Victoria,DB_4_MOE,DB_4_MOE,,UBC,2014-07-16,Disposed of,MOE,MFLNR,MFLNR,2015-02-24,,-24.48027434,8.056932115,-20.61829264,7.62791688,-21.42235128,9.893325718,-23.3090506,8.016387076,1300,0.27217249,0.028833415,10728.72453,499.8511654
14-4905,R. Weir,Frozen,2013,12,26,26/12/2013,James Alton,QCC,Trapline TR0613T009,8,680279,5922839,<1 km,M-MACA,F,Adult,Juvenile,0,A,,,Excellent,,0.85,570,185,81,na,133,,,HG Landfill,30 S mainline,,MFLNR,MFLNR,Victoria,Victoria,DB_4_MOE,DB_4_MOE,,UBC,2014-07-16,Disposed of,MOE,MFLNR,MFLNR,2015-02-24,MFLNR,-23.88633159,8.996390339,-20.56920722,6.393483838,-21.22241016,8.653240862,-21.5360433,9.204060052,403600,0.302435984,0.004024837,12879.08108,499.8624354
14-4906,R. Weir,Frozen,2013,12,8,08/12/2013,James Alton,QCC,Trapline TR0613T005,8,688610,5911784,<1 km,M-MACA,M,Adult,Adult,5,B,5-6,BR,Good,,1.11,633,195,90,na,154,,,HG Landfill,11 S mainline,,MFLNR,MFLNR,Victoria,Victoria,DB_4_MOE,DB_4_MOE,,UBC,2014-07-16,Disposed of,MOE,MFLNR,MFLNR,2015-02-24,,-21.01560831,12.5089752,-20.76554891,8.115972293,-21.1234197,9.995182768,-22.81213811,8.981556789,511500,0.794468949,0.05294713,8124.835791,499.6851961
14-4907,R. Weir,Frozen,2013,12,9,09/12/2013,James Alton,QCC,Trapline TR0613T005,8,690765,5905106,<1 km,M-MACA,M,Adult,Adult,5,A,,BR,Good,,1.18,635,205,91,na,150,,,HG Landfill,3 S mainline,,MFLNR,MFLNR,Victoria,Victoria,DB_4_MOE,DB_4_MOE,,UBC,2014-07-16,Disposed of,MOE,MFLNR,MFLNR,2015-02-24,,-21.9800302,10.29877611,-20.84326749,7.47374038,-22.09862273,8.002542428,-23.37373744,8.098466057,3117600,0.943719837,0.100443065,1163.924009,487.9400329
14-4908,R. Weir,Frozen,2013,12,26,26/12/2013,James Alton,QCC,Trapline TR0613T009,8,681648,5926176,<1 km,M-MACA,M,Adult,Adult,5,B,5-6,BR,Good,"no tail, nose-sacrum 425 mm",1.05,,,90,na,140,4 internal adhesions in abdominal wall - 2 per side,"missing lower right canine
MT photos 973, 974",HG Landfill,"35S mainline
RW assumed 35N","P1000973, P1000974",MFLNR,MFLNR,Victoria,Victoria,DB_4_MOE,DB_4_MOE,,UBC,2014-07-16,Disposed of,MOE,MFLNR,MFLNR,2015-02-24,,-23.07970637,8.334813969,-19.60386062,7.082683427,-21.88496016,9.149670366,-22.97973581,9.380084856,1883700,0.293146258,0.024036197,16250.42868,499.9573624
14-4909,R. Weir,Frozen,2013,12,17,17/12/2013,James Alton,QCC,Trapline TR0613T009,8,679827,5920216,<1 km,M-MACA,M,Adult,Adult,1,A,,BR,Good,,1.24,635,208,90,na,150,very large liver - healthy looking,,HG Landfill,26 S mainline,,MFLNR,MFLNR,Victoria,Victoria,DB_4_MOE,DB_4_MOE,,UBC,2014-07-16,Disposed of,MOE,MFLNR,MFLNR,2015-02-24,,-23.1698759,9.069569191,-20.77372981,8.943011801,-20.74705994,11.05726501,-22.40931555,8.993423629,1300,0.27217249,0.028833415,10728.72453,499.8511654
14-4910,R. Weir,Frozen,2013,12,22,22/12/2013,James Alton,QCC,Trapline TR0613T005,8,690453,5906058,<1 km,M-MACA,M,Adult,Adult,2,A,,BR,Good,,1.19,615,188,86,na,150,,,HG Landfill,4 S mainline,,MFLNR,MFLNR,Victoria,Victoria,DB_4_MOE,DB_4_MOE,,UBC,2014-07-16,Disposed of,MOE,MFLNR,MFLNR,2015-02-24,,-23.23946325,8.298224543,-20.48535296,8.326305798,-21.41745077,9.348439948,-21.63797406,10.79520561,610000,1.092412819,0.033753057,2134.532594,497.1072301
14-4911,R. Weir,Frozen,2013,12,7,07/12/2013,James Alton,QCC,Trapline TR0613T005,8,682140,5916227,<1 km,M-MACA,F,Juvenile,Juvenile,0,A,,,Excellent,,0.77,568,185,79,na,130,"fattest female so far
deer hair in rectum
Juvenile - repro organs too small to collect",,HG Landfill,20 S Mainline,,MFLNR,MFLNR,Victoria,Victoria,DB_4_MOE,DB_4_MOE,,UBC,2014-07-16,Disposed of,MOE,MFLNR,MFLNR,2015-02-24,NC,-23.18261725,9.086380548,-20.09778266,7.829061057,-18.9103459,11.90969974,-19.08382423,11.90969974,2951400,0.555989696,0.057621471,10807.818,499.5949912
14-4912,R. Weir,Frozen,2013,12,9,09/12/2013,James Alton,QCC,Trapline TR0613T005,8,684447,5914930,<1 km,M-MACA,M,Juvenile,Juvenile,0,A,,,Excellent,,1.17,618,194,90,na,148,Fat,"MT photos 975, 976",HG Landfill,17 S mainline,"P1000975, P1000976",MFLNR,MFLNR,Victoria,Victoria,DB_4_MOE,DB_4_MOE,,UBC,2014-07-16,Disposed of,MOE,MFLNR,MFLNR,2015-02-24,,-22.75725231,8.784765013,-21.71453371,6.57012314,-21.19692747,8.340747389,-22.96111385,6.955293734,1632800,0.734229197,0.111461389,12226.00329,406.4458321
14-4913,R. Weir,Frozen,2014,1,15,15/01/2014,James Alton,QCC,Trapline TR0613T009,8,681239,5917909,<1 km,M-MACA,F,Adult,Adult,3,A,,BR,Good,,0.84,595,191,82,na,130,,,HG Landfill,22 S Mainline,,MFLNR,MFLNR,Victoria,Victoria,DB_4_MOE,DB_4_MOE,,UBC,2014-07-16,Disposed of,MOE,MFLNR,MFLNR,2015-02-24,MFLNR,-21.93102502,7.4408453,-21.17254885,7.435962032,-21.50075957,6.651700392,-22.72490889,6.019791123,2914800,0.28441044,0.087164073,10619.16822,499.6571221
14-4914,R. Weir,Frozen,2013,12,22,22/12/2013,James Alton,QCC,Trapline TR0613T009,8,679254,5921722,<1 km,M-MACA,M,Adult,Juvenile,0,A,,BR,Excellent,,1.21,635,201,86,na,160,,,HG Landfill,28 S mainline,,MFLNR,MFLNR,Victoria,Victoria,DB_4_MOE,DB_4_MOE,,UBC,2014-07-16,Disposed of,MOE,MFLNR,MFLNR,2015-02-24,,-24.36756243,7.625770235,-20.98336546,6.445556696,-21.25867399,9.527431462,-22.13880697,9.055724543,2832700,0.228336236,0.033589326,11364.061,499.6786768
14-4915,R. Weir,Frozen,2013,12,22,22/12/2013,James Alton,QCC,Trapline TR0613T005,8,690057,5908870,<1 km,M-MACA,M,Juvenile,Adult,1,A,,BR,Excellent,,1.12,620,208,91,na,146,,,HG Landfill,7 S mainline,,MFLNR,MFLNR,Victoria,Victoria,DB_4_MOE,DB_4_MOE,,UBC,2014-07-16,Disposed of,MOE,MFLNR,MFLNR,2015-02-24,,-23.8324259,7.195597258,-21.84645078,7.405330939,-23.50311111,7.441834204,-24.02942671,7.323165796,3141300,1.076391214,0.071231285,4887.037966,499.1461023
14-4916,R. Weir,Frozen,2013,12,24,24/12/2013,James Alton,QCC,Trapline TR0613T005,8,684447,5914930,<1 km,M-MACA,F,Adult,Juvenile,0,A,,,Excellent,,0.8,555,175,80,na,128,abdominal adhesion,,HG Landfill,17 S mainline,,MFLNR,MFLNR,Victoria,Victoria,DB_4_MOE,DB_4_MOE,,UBC,2014-07-16,Disposed of,MOE,MFLNR,MFLNR,2015-02-24,MFLNR,-19.81400137,12.26372715,-17.97483821,11.96017445,-19.73461298,11.17494452,-20.88231423,10.61819191,1632800,0.734229197,0.111461389,12226.00329,406.4458321
14-4917,R. Weir,Frozen,2013,12,26,26/12/2013,James Alton,QCC,Trapline TR0613T005,8,687623,5913074,<1 km,M-MACA,F,Adult,Juvenile,0,A,,BR,Good,,0.86,580,190,83,na,124,pale liver,,HG Landfill,13 S mainline,,MFLNR,MFLNR,Victoria,Victoria,DB_4_MOE,DB_4_MOE,,UBC,2014-07-16,Disposed of,MOE,MFLNR,MFLNR,2015-02-24,MFLNR,-23.58838011,7.375577676,-22.62772706,7.355300154,-22.65336133,7.131318538,-23.59132042,7.134285248,432200,0.552271932,0.059522139,9694.681459,499.6506116
14-4918,R. Weir,Frozen,2014,2,15,15/02/2014,James Alton,QCC,Trapline TR0613T005,8,689334,5911211,<1 km,M-MACA,F,Adult,Juvenile,0,A,,BR,Fair,,0.74,560,175,76,na,135,"pale liver
black small intestine",,HG Landfill,10 S Mainline,,MFLNR,MFLNR,Victoria,Victoria,DB_4_MOE,DB_4_MOE,,UBC,2014-07-16,Disposed of,MOE,MFLNR,MFLNR,2015-02-24,MFLNR,-22.79841666,7.055172977,-21.42002118,7.747378143,-21.90064181,8.407003916,-22.68668485,8.333825065,3140700,0.867960697,0.05664824,7334.591248,499.3098553
14-4919,R. Weir,Frozen,2014,1,12,12/01/2014,James Alton,QCC,Trapline TR0613T009,8,679254,5921722,<1 km,M-MACA,M,Adult,Adult,9,A,8-9,BR,Excellent,,1.54,650,190,91,na,168,,,HG Landfill,28 S mainline,,MFLNR,MFLNR,Victoria,Victoria,DB_4_MOE,DB_4_MOE,,UBC,2014-07-16,Disposed of,MOE,MFLNR,MFLNR,2015-02-24,,-21.98591082,7.432934073,-22.52444315,7.505392509,-21.85457695,9.615443864,-22.93661126,9.419640992,2832700,0.228336236,0.033589326,11364.061,499.6786768
14-4920,R. Weir,Frozen,2014,1,18,18/01/2014,James Alton,QCC,Trapline TR0613T009,8,681152,5924244,<1 km,M-MACA,F,Adult,Juvenile,0,A,,,Good,,0.76,575,178,80,na,124,,,HG Landfill,32 S mainline,,MFLNR,MFLNR,Victoria,Victoria,DB_4_MOE,DB_4_MOE,,UBC,2014-07-16,Disposed of,MOE,MFLNR,MFLNR,2015-02-24,MFLNR,-22.77489417,8.575117493,-21.83622465,7.15926116,-20.54711882,9.102203003,-21.22044995,9.163515013,557000,0.308619006,0.010703649,14497.3826,499.9052169
14-4921,R. Weir,Frozen,2014,1,18,18/01/2014,James Alton,QCC,Trapline TR0613T009,8,679827,5920215,<1 km,M-MACA,F,Adult,Adult,1,A,,BR,Good,,0.75,600,190,80,na,126,,,HG Landfill,26 S mainline,,MFLNR,MFLNR,Victoria,Victoria,DB_4_MOE,DB_4_MOE,,UBC,2014-07-16,Disposed of,MOE,MFLNR,MFLNR,2015-02-24,MFLNR,-23.15419424,7.051217363,-20.87394588,7.854586968,-20.5980842,6.322395561,-22.27210106,6.35107376,2931300,0.215104373,0.038934561,10728.39454,499.9057709
14-4922,R. Weir,Frozen,2014,1,15,15/01/2014,James Alton,QCC,Trapline TR0613T009,8,679827,5920215,<1 km,M-MACA,M,Juvenile,Adult,1,A,,BR,Excellent,,1.13,632,206,88,na,147,,,HG Landfill,26 S mainline,,MFLNR,MFLNR,Victoria,Victoria,DB_4_MOE,DB_4_MOE,,UBC,2014-07-16,Disposed of,MOE,MFLNR,MFLNR,2015-02-24,,-23.55505659,7.757294386,-21.25844834,8.478440226,-23.62072353,8.657196475,-24.2764128,8.14,2931300,0.215104373,0.038934561,10728.39454,499.9057709
14-4923,R. Weir,Frozen,2014,1,18,18/01/2014,James Alton,QCC,Trapline TR0613T009,8,681152,5924244,<1 km,M-MACA,F,Adult,Adult,1,A,,BR,Good,,0.86,583,183,83,na,126,,,HG Landfill,32 S mainline,,MFLNR,MFLNR,Victoria,Victoria,DB_4_MOE,DB_4_MOE,,UBC,2014-07-16,Disposed of,MOE,MFLNR,MFLNR,2015-02-24,MFLNR,-23.38157827,6.824758486,-20.84326749,5.119230375,-23.8882918,6.94243799,-24.09019313,6.79410248,557000,0.308619006,0.010703649,14497.3826,499.9052169
14-4924,R. Weir,Frozen,2014,1,21,21/01/2014,James Alton,QCC,Trapline TR0613T009,8,679254,5921722,<1 km,M-MACA,M,Adult,Adult,2,A,,BR,Good,,1.28,660,220,90,na,152,,,HG Landfill,28 S mainline,,MFLNR,MFLNR,Victoria,Victoria,DB_4_MOE,DB_4_MOE,,UBC,2014-07-16,Disposed of,MOE,MFLNR,MFLNR,2015-02-24,,-22.80821769,8.404037206,-21.68487793,7.54214982,-23.15909476,9.106158616,-23.22,6.32,2832700,0.228336236,0.033589326,11364.061,499.6786768
14-4925,R. Weir,Frozen,2014,1,21,21/01/2014,James Alton,QCC,Trapline TR0613T005,8,690363,5906991,<1 km,M-MACA,M,Adult,Adult,1,A,,BR,Excellent,,1.14,650,222,90,na,149,,,HG Landfill,5 S mainline,,MFLNR,MFLNR,Victoria,Victoria,DB_4_MOE,DB_4_MOE,,UBC,2014-07-16,Disposed of,MOE,MFLNR,MFLNR,2015-02-24,,-23.15517435,7.757294386,-21.3024207,7.105146229,-22.8366407,6.56368799,-22.22211578,6.214605091,3105600,1.180420094,0.027282296,3022.018704,498.602609
14-4926,R. Weir,Frozen,2014,1,21,21/01/2014,James Alton,QCC,Trapline TR0613T009,8,679129,5920874,<1 km,M-MACA,F,Adult,Juvenile,0,A,,BR,Good,,0.79,595,195,82,na,101,pale liver,,HG Landfill,27S mainline,,MFLNR,MFLNR,Victoria,Victoria,DB_4_MOE,DB_4_MOE,,UBC,2014-07-16,Disposed of,MOE,MFLNR,MFLNR,2015-02-24,MFLNR,-25.21186994,12.17050795,-21.18993327,7.798429964,-19.71697112,11.15714426,-20.70295528,10.0060607,638000,0.157783292,0.008384387,10671.06108,499.7482055
14-4927,R. Weir,Frozen,2014,1,24,24/01/2014,James Alton,QCC,Trapline TR0613T005,8,690453,5906058,<1 km,M-MACA,F,Adult,Juvenile,0,A,,,Good,,0.79,590,205,82,na,123,,,HG Landfill,4 S mainline,,MFLNR,MFLNR,Victoria,Victoria,DB_4_MOE,DB_4_MOE,,UBC,2014-07-16,Disposed of,MOE,MFLNR,MFLNR,2015-02-24,MFLNR,-24.4817243,8.763309389,-21.03040566,6.829466393,-20.13939575,10.66961488,-20.33541646,10.64192559,610000,1.092412819,0.033753057,2134.532594,497.1072301
14-4928,R. Weir,Frozen,2014,2,2,02/02/2014,James Alton,QCC,Trapline TR0613T005,8,690453,5906058,<1 km,M-MACA,F,Juvenile,Juvenile,0,A,,,Excellent,,0.75,565,185,76,na,127,,,HG Landfill,4 S mainline,,MFLNR,MFLNR,Victoria,Victoria,DB_4_MOE,DB_4_MOE,,UBC,2014-07-16,Disposed of,MOE,MFLNR,MFLNR,2015-02-24,MFLNR,-24.67295292,9.80680862,-20.36059419,7.500287327,-18.72608644,12.31613903,-19.05050071,12.12132507,610000,1.092412819,0.033753057,2134.532594,497.1072301
14-4929,R. Weir,Frozen,2014,2,18,18/02/2014,James Alton,QCC,Trapline TR0613T005,8,690765,5905106,<1 km,M-MACA,F,Adult,Juvenile,0,A,,BR,Good,,0.84,580,180,76,na,126,,,HG Landfill,3 S mainline,,MFLNR,MFLNR,Victoria,Victoria,DB_4_MOE,DB_4_MOE,,UBC,2014-07-16,Disposed of,MOE,MFLNR,MFLNR,2015-02-24,MFLNR,-26.94417624,9.042052335,-21.64806387,8.74595177,-20.76862222,10.07528394,-21.89868161,8.742242167,3117600,0.943719837,0.100443065,1163.924009,487.9400329
14-4930,R. Weir,Frozen,2014,1,26,26/01/2014,James Alton,QCC,Trapline TR0613T009,8,681239,5917909,<1 km,M-MACA,M,Adult,Adult,2,A,,BR,Excellent,,1.32,652,215,96,na,164,,,HG Landfill,22 S mainline,,MFLNR,MFLNR,Victoria,Victoria,DB_4_MOE,DB_4_MOE,,UBC,2014-07-16,Disposed of,MOE,MFLNR,MFLNR,2015-02-24,,-25.46138749,9.761883017,-20.27162686,7.217460236,-22.2848424,9.594676893,-21.22535047,10.69631527,2914800,0.28441044,0.087164073,10619.16822,499.6571221
14-4931,R. Weir,Frozen,2014,2,1,01/02/2014,James Alton,QCC,Trapline TR0613T005,8,689334,5911211,<1 km,M-MACA,M,Adult,Adult,1,A,,,Excellent,,1.27,645,200,92,na,154,,,HG Landfill,10 S mainline,,MFLNR,MFLNR,Victoria,Victoria,DB_4_MOE,DB_4_MOE,,UBC,2014-07-16,Disposed of,MOE,MFLNR,MFLNR,2015-02-24,,-26.91656569,10.27954849,-20.91587301,7.646295536,-21.00286697,11.65357376,-20.80096564,11.8414654,3140700,0.867960697,0.05664824,7334.591248,499.3098553
14-4932,R. Weir,Frozen,2014,2,11,11/02/2014,James Alton,QCC,Trapline TR0613T005,8,690190,5909768,<1 km,M-MACA,M,Adult,Adult,2,A,,BR,Obese,no tail (nose-sacrum: 425 mm),1.36,,,91,na,167,"grey tongue
extremely fat
intracostal fat","MT photos: 977, 978",HG Landfill,8 S mainline,"P1000977, P1000978",MFLNR,MFLNR,Victoria,Victoria,DB_4_MOE,DB_4_MOE,,UBC,2014-07-16,Disposed of,MOE,MFLNR,MFLNR,2015-02-24,,-27.41253297,6.877455105,-20.09982789,5.896239097,-23.73441554,6.832669713,-23.48154883,6.865303525,1519800,0.969997831,0.028834575,5699.518887,499.2134419
14-4933,R. Weir,Frozen,2014,2,27,27/02/2014,James Alton,QCC,Trapline TR0613T005,8,689334,5911211,<1 km,M-MACA,M,Juvenile,Adult,1,A,,,Excellent,,1.13,630,195,89,na,149,,,HG Landfill,10 S mainline,,MFLNR,MFLNR,Victoria,Victoria,DB_4_MOE,DB_4_MOE,,UBC,2014-07-16,Disposed of,MOE,MFLNR,MFLNR,2015-02-24,,-24.40605095,9.662842483,-21.09585288,8.308948179,-23.96964039,6.78816906,-23.47860852,6.778280026,3140700,0.867960697,0.05664824,7334.591248,499.3098553
14-4934,R. Weir,Frozen,2014,1,24,24/01/2014,James Alton,QCC,Trapline TR0613T009,8,679827,5920216,<1 km,M-MACA,M,Juvenile,Adult,1,B,1-2,BR,Excellent,,1.09,640,205,92,na,145,,,HG Landfill,26 S mainline,,MFLNR,MFLNR,Victoria,Victoria,DB_4_MOE,DB_4_MOE,,UBC,2014-07-16,Disposed of,MOE,MFLNR,MFLNR,2015-02-24,,-25.08608855,9.11760903,-20.49251125,8.924633145,-22.01433382,7.746416449,-21.84477591,7.651481723,1300,0.27217249,0.028833415,10728.72453,499.8511654
14-4935,R. Weir,Frozen,2014,2,15,15/02/2014,James Alton,QCC,Trapline TR0613T005,8,690765,5905106,<1 km,M-MACA,F,Adult,Adult,1,A,,BR,Excellent,,0.83,595,195,79,na,130,"adhesions of internal organs
uterus getting gravid",,HG Landfill,3 S mainline,,MFLNR,MFLNR,Victoria,Victoria,DB_4_MOE,DB_4_MOE,,UBC,2014-07-16,Disposed of,MOE,MFLNR,MFLNR,2015-02-24,MFLNR,-24.87747551,7.320584915,-21.43536038,8.400841457,-21.22731068,6.583466057,-21.84967643,6.67444517,3117600,0.943719837,0.100443065,1163.924009,487.9400329
14-4936,R. Weir,Frozen,2014,1,26,26/01/2014,James Alton,QCC,Trapline TR0613T009,8,679511,5919512,<1 km,M-MACA,F,Adult,Adult,4,B,3-5,BR,Good,,0.8,585,191,76,na,128,adhesions in gut,,HG Landfill,25 S mainline,,MFLNR,MFLNR,Victoria,Victoria,DB_4_MOE,DB_4_MOE,,UBC,2014-07-16,Disposed of,MOE,MFLNR,MFLNR,2015-02-24,MFLNR,-25.02882222,9.200312981,-21.84951861,6.85601334,-22.6729634,7.828495431,-23.10126865,6.89595953,490800,0.141441808,0.014677832,10035.67852,499.8728804
14-4985,R. Weir,Frozen,2014,2,14,14/02/2014,Lenny Morgan,QCC,Trapline TR0613T012,9,303220,5912148,<100 m,M-MACA,M,Juvenile,Adult,2,A,,BR,Good,,1.05,643,213,82,na,135,,,HG Landfill,near transfer station,,MFLNR,MFLNR,Victoria,Victoria,DB_4_MOE,DB_4_MOE,,UBC,2014-07-16,Disposed of,MOE,MFLNR,MFLNR,2015-02-24,,-23.28322195,9.405541303,-23.47036011,6.464956388,-24.02354609,7.276687337,-23.15517435,7.432934073,1520900,0.235383769,0.084792379,391.7482064,257.5252806
14-4986,R. Weir,Frozen,2014,1,9,09/01/2014,Lenny Morgan,QCC,Trapline TR0613T027,8,687539,5952717,<1 km,M-MACA,F,Juvenile,na,,,,,Good,,,,180,80,na,124,"head missing
starting to decompose
rep organs not collected",,HG Landfill,between Port Clements and Kumdis,,MFLNR,MFLNR,Victoria,Victoria,DB_4_MOE,DB_4_MOE,,no skull,2014-07-16,Disposed of,MOE,MFLNR,MFLNR,2015-02-24,NC,-25.02779961,8.173150334,-25.08506593,6.750846588,-22.80821769,6.670489556,-22.97385519,6.247238903,3071800,0,0,586.2921493,314.6513134
14-4987,R. Weir,Frozen,2014,2,25,25/02/2014,Lenny Morgan,QCC,Trapline TR0613T027,8,689636,5959018,Trapline,M-MACA,F,Adult,na,,,,,Excellent,no skull,,,195,75,na,126,skull missing,,HG Landfill,"no specific location

RW: used centre of trapline as coordinates",,MFLNR,MFLNR,Victoria,Victoria,DB_4_MOE,DB_4_MOE,,no skull,2014-07-16,Disposed of,MOE,MFLNR,MFLNR,2015-02-24,MFLNR,-25.30288249,7.72797845,-20.97416194,5.092683427,-22.39853441,6.247238903,-23.15713455,6.097914491,3140500,0.02495071,0.010813419,1331.795037,492.5358405
14-4988,R. Weir,Frozen,2014,1,18,18/01/2014,Lenny Morgan,QCC,Trapline TR0613T027,8,689862,5949778,<1 km,M-MACA,F,Adult,na,,,,,Good,,,,,76,na,135,"No skull, no tail",,HG Landfill,near Eli Tingley,,MFLNR,MFLNR,Victoria,Victoria,DB_4_MOE,DB_4_MOE,,no skull,2014-07-16,Disposed of,MOE,MFLNR,MFLNR,2015-02-24,MFLNR,-27.82157814,9.397373012,-21.82702113,8.037352488,-20.93131941,8.337780679,-21.14008146,8.588962141,3140100,0.064914473,0.011253787,3720.064701,498.0421843
14-4989,R. Weir,Frozen,2014,2,28,28/02/2014,Lenny Morgan,QCC,Trapline TR0613T027,8,689639,5959018,Trapline,M-MACA,F,Adult,na,,,,,Good,no skull,,,195,82,na,124,"no skull, 
adhesion in abdomen",,HG Landfill,"No location

RW: used centre of trapline for UTM",,MFLNR,MFLNR,Victoria,Victoria,DB_4_MOE,DB_4_MOE,,no skull,2014-07-16,Disposed of,MOE,MFLNR,MFLNR,2015-02-24,MFLNR,-24.72715141,5.88398666,-21.80247842,7.850502822,-22.78371511,5.758720627,-22.93661126,5.592584856,6000,0.030793424,0.01247792,1334.285141,492.4393325
14-4990,R. Weir,Frozen,2014,2,14,14/02/2014,Lenny Morgan,QCC,Trapline TR0613T027,8,689639,5959018,Trapline,M-MACA,M,Adult,na,,,,,Good,no skull,,,210,90,na,160,no penis (lost during skinning),,HG Landfill,"No location

RW: used centre of trapline for UTM",,MFLNR,MFLNR,Victoria,Victoria,DB_4_MOE,DB_4_MOE,,no skull,2014-07-16,Disposed of,MOE,MFLNR,MFLNR,2015-02-24,,-25.10142774,9.353468445,-20.2112927,5.947290918,-22.90132753,6.736746084,-23.18163714,5.440293734,6000,0.030793424,0.01247792,1334.285141,492.4393325
14-4991,R. Weir,Frozen,2014,2,27,27/02/2014,Lenny Morgan,QCC,Trapline TR0613T027,8,689862,5949778,<1 km,M-MACA,M,Adult,Adult,4,A,,BR,Obese,,1.56,635,205,89,na,175,big and fat,,HG Landfill,Eli tingley,,MFLNR,MFLNR,Victoria,Victoria,DB_4_MOE,DB_4_MOE,,UBC,2014-07-16,Disposed of,MOE,MFLNR,MFLNR,2015-02-24,,-25.96349044,6.957095947,-20.56102632,7.969964084,-22.63963988,6.361951697,-23.57955918,5.816077023,3140100,0.064914473,0.011253787,3720.064701,498.0421843
14-4992,R. Weir,Frozen,2014,2,2,02/02/2014,Lenny Morgan,QCC,Trapline TR0613T012,9,303187,5942777,<100 m,M-MACA,M,Adult,Adult,3,B,3-4,BR,Excellent,"head removed post mortem, so no total length",1.43,,205,92,na,160,,,HG Landfill,Geikie 2 creek,,MFLNR,MFLNR,Victoria,Victoria,DB_4_MOE,DB_4_MOE,,UBC,2014-07-16,Disposed of,MOE,MFLNR,MFLNR,2015-02-24,,-24.55330721,8.778624936,-20.81,7.43,-22.85722287,6.897937337,-23.79420186,6.220538512,3140300,0.118574012,0.030448174,2574.81761,495.3256298
14-4993,R. Weir,Frozen,2013,4,1,01/04/2013,Berry Wijdeven,Tlell,roadkill,9,304174,5941979,<100 m,M-MACA,F,Adult,Adult,4,A,,BR,Good,pelt on - carcass intact,0.98,595,190,83,32,150,lots of subdermal fat,,HG Landfill,"Geikie 1

Intact carcass with pelt",,MFLNR,MFLNR,Victoria,Victoria,DB_4_MOE,DB_4_MOE,,UBC,2014-07-16,Disposed of,MOE,MFLNR,MFLNR,2015-02-24,MFLNR,-24.49910872,6.859076449,-21.31571466,7.646295536,-22.81801873,5.144611619,-23.32277205,3.947049608,2353700,0.200646775,0.035115864,1657.441415,497.4637331
1790-S5,,,,,,01-04-2018,,,Study site 2-18C in Session 5,8,689478,5903556,,,F,,na,,,,,na,,,,,,,,,,,,,,,,,,,,,,,,,,,,,,,,-20.90185715,10.22131789,-20.10185715,10.6131789,2407000,0.595375041,0.071427815,629.559551,395.8380017
18-11142,,,,,,01-01-2016,,,Q.C.C.,8,694323,5904597,,,F,,Adult,,,,,na,,,,,,,,,,,,,,,,,,,,,,,,,,,,-24.63939778,8.472416048,-20.91687489,8.1925248,-22.70966984,8.499455329,-23.00966984,8.599455329,1800700,0.48581239,0.11273091,343.0437108,260.5141015
18-11143,,,,,,01-06-2016,,,Hwy 16 opposite Mennonite colony between Port and Masset,8,689499,5956014,,,F,,Juvenile,,,,,Poor,,,,,,,,,,,,,,,,,,,,,,,,,,,,-23.95913979,7.702454993,-20.31745002,7.939686237,-22.89790196,7.028486961,-23.29790196,7.110486961,3140900,0,0,1786.993251,450.5172927
18-11144,,,,,,19/12/2016,,,Lawnhill,9,305462,5920993,,,M,,Juvenile,,,,,Poor,,,,,,,,,,,,,,,,,,,,,,,,,,,,-23.60011474,10.17881622,-21.64122368,10.38691381,-22.73712036,8.370973223,-23.33712036,8.470973223,2150100,0.213922804,0.041516209,522.4430517,324.2164029
18-11145,,,,,,01/05/2016,,,North of Watun River,8,691461,5976256,,,M,,Juvenile,,,,,Good,,,,,,,,,,,,,,,,,,,,,,,,,,,,-24.32131419,7.341405687,-20.65547946,7.76384378,-23.05476207,7.578835511,-23.60476207,7.738835511,2437300,0.159365649,0.027794937,582.1088532,346.1074145
18-11146,,,,,,13/06/2017,,,Hwy 16 N. of Port Clements,8,691228,5962546,,,M,,Juvenile,,,,,Poor,,,,,,,,,,,,,,,,,,,,,,,,,,,,-24.25937712,7.058392975,-21.01240495,7.595284738,-20.90675903,10.27594808,-21.20675903,10.17594808,3142200,0.232788572,0.061618806,2637.564148,498.5237723
18-11147,,,,,,16/08/2016,,,Side of Road Kay Center & Skidegate,9,299903,5904136,,,M,,Juvenile,,,,,Good,,,,,,,,,,,,,,,,,,,,,,,,,,,,-23.48883797,8.158188699,-21.50475216,8.650339481,-23.51063674,7.529263675,-24.01063674,7.649263675,1490400,0.141778767,3.10019E-08,355.858505,247.2902164
18-11148,,,,,,01-07-2017,,,"Riverside Farm, Tlell",9,304934,5936902,,,M,,Adult,,,,,Fair,,,,,,,,,,,,,,,,,,,,,,,,,,,,-24.42314293,6.949141744,-21.28954709,8.296573591,-23.19691653,6.501406823,-23.89691653,6.421406823,1781000,0.310797286,0.00639334,451.1782446,284.1762661
18-11149,,,,,,01-07-2017,,,"Riverside Farm, Tlell",9,304934,5936902,,,M,,Juvenile,,,,,Poor,,,,,,,,,,,,,,,,,,,,,,,,,,,,-23.78592595,7.384065692,-21.18,8.32,-22.10183694,7.823659683,-22.90183694,7.946659683,1781000,0.310797286,0.00639334,451.1782446,284.1762661
18-11150,,,,,,01-07-2017,,,"Riverside Farm, Tlell",9,304934,5936902,,,F,,Adult,,,,,Poor,,,,,,,,,,,,,,,,,,,,,,,,,,,,-23.36181449,7.453778382,-21.10163632,7.062554927,-22.04889666,7.067942096,-22.26889666,7.177942096,1781000,0.310797286,0.00639334,451.1782446,284.1762661
18-11151,,,,,,24/08/2017,,,Nina Main (15min from bridge deactivation),8,685984,5885916,,,M,,Adult,,,,,Poor,,,,,,,,,,,,,,,,,,,,,,,,,,,,-23.85206215,7.815868175,-21.22551046,7.865811595,-22.9488815,6.652145673,-23.9488815,6.521456727,3140100,0.552536994,0.020601006,4204.030461,483.8379756
18-11746,,,,,,28/09/2017,,,2 Km west of Naikoon Park Headquarters BC Parks,9,303480,5940430.2,,,M,,Adult,,,,,Good,,,,,,,,,,,,,,,,,,,,,,,,,,,,-26.16472936,6.538149019,-21.56039055,6.729598795,-24.18905668,6.800861182,-24.89056683,6.611800861,2928400,0.310730871,0.021797123,2550.299563,494.1579952
18-11810,,,,,,01-01-2018,,,Sandspit area,9,308096.6,5899900.2,,,M,,Adult,,,,,Excellent,,,,,,,,,,,,,,,,,,,,,,,,,,,,-24.6656423,9.045724888,-19.94687738,9.751175693,-20.03814621,12.13640944,-20.81462141,12.64094448,3141300,0.274401344,0.014251855,2582.900125,494.9709357
18-11821,,,,,,01-01-2018,,,Sandspit area,9,308096.6,5899900.2,,,M,,Adult,,,,,Good,,,,,,,,,,,,,,,,,,,,,,,,,,,,-24.90604212,9.647126901,-19.88,9.68,-20.20873158,11.15711276,-19.44442965,11.07269721,3141300,0.274401344,0.014251855,2582.900125,494.9709357
18-11822,,,,,,01-01-2018,,,Sandspit area,9,308096.6,5899900.2,,,M,,Adult,,,,,Good,,,,,,,,,,,,,,,,,,,,,,,,,,,,-22.93455368,10.15592549,-21.5467434,7.496438386,-22.22046239,9.44030855,-22.42204624,9.234030855,3141300,0.274401344,0.014251855,2582.900125,494.9709357
18-11823,,,,,,01-01-2018,,,Sandspit area,9,308096.6,5899900.2,,,F,,Juvenile,,,,,Good,,,,,,,,,,,,,,,,,,,,,,,,,,,,-24.01162884,9.773025939,-19.4471817,8.691958998,-20.23226059,11.62349269,-20.92322606,11.23492689,3141300,0.274401344,0.014251855,2582.900125,494.9709357
18-11824,,,,,,01-01-2018,,,Sandspit area,9,308096.6,5899900.2,,,M,,Adult,,,,,Good,,,,,,,,,,,,,,,,,,,,,,,,,,,,-23.76178099,9.195555147,-20.37098885,7.635863767,-22.58516213,7.199459213,-22.85162133,7.321994592,3141300,0.274401344,0.014251855,2582.900125,494.9709357
18-11825,,,,,,01-01-2018,,,Sandspit area,9,308096.6,5899900.2,,,M,,Adult,,,,,Good,,,,,,,,,,,,,,,,,,,,,,,,,,,,-22.27214197,11.06635241,-22.02544347,9.790714233,-22.81064853,8.58443562,-23.1064853,8.125844356,3141300,0.274401344,0.014251855,2582.900125,494.9709357
18-11826,,,,,,01-01-2018,,,Sandspit area,9,308096.6,5899900.2,,,M,,Adult,,,,,Good,,,,,,,,,,,,,,,,,,,,,,,,,,,,-22.18186081,10.82599971,-20.56414852,8.750226321,-22.80966815,8.931438475,-22.95473779,8.801447538,3141300,0.274401344,0.014251855,2582.900125,494.9709357
18-11827,,,,,,01-01-2018,,,Sandspit area,9,308096.6,5899900.2,,,M,,Juvenile,,,,,Good,,,,,,,,,,,,,,,,,,,,,,,,,,,,-23.08467234,10.84160702,-19.95737519,8.828262914,-23.33024762,8.726069438,-23.03302476,8.626069438,3141300,0.274401344,0.014251855,2582.900125,494.9709357
18-11828,,,,,,01-01-2018,,,Sandspit area,9,308096.6,5899900.2,,,M,,Adult,,,,,Good,,,,,,,,,,,,,,,,,,,,,,,,,,,,-25.01836867,9.95198986,-21.93726188,9.096708796,-24.72924366,8.791827997,-23.92924366,8.341827997,3141300,0.274401344,0.014251855,2582.900125,494.9709357
18-11829,,,,,,01-01-2018,,,Sandspit area,9,308096.6,5899900.2,,,M,,Adult,,,,,Fair,,,,,,,,,,,,,,,,,,,,,,,,,,,,-21.11318391,12.26811595,-19.17633824,12.21401058,-21.68713804,9.983575409,-21.2387138,9.635754092,3141300,0.274401344,0.014251855,2582.900125,494.9709357
18-11830,,,,,,01-01-2018,,,Sandspit area,9,308096.6,5899900.2,,,M,,Juvenile,,,,,Poor,,,,,,,,,,,,,,,,,,,,,,,,,,,,-23.72083954,8.606638989,-20.02351139,7.269612021,-20.63519498,11.55571079,-20.3519498,11.34555711,3141300,0.274401344,0.014251855,2582.900125,494.9709357
18-11831,,,,,,01-01-2018,,,Sandspit area,9,308096.6,5899900.2,,,M,,Adult,,,,,good,,,,,,,,,,,,,,,,,,,,,,,,,,,,-22.97654492,10.83848556,-21.93831166,10.60437578,-22.44398804,9.91174683,-22.02244399,9.549117468,3141300,0.274401344,0.014251855,2582.900125,494.9709357
18-11832,,,,,,01-01-2018,,,Sandspit area,9,308096.6,5899900.2,,,M,,Adult,,,,,Fair,,,,,,,,,,,,,,,,,,,,,,,,,,,,-26.98670776,9.656491293,-23.72503866,9.299603939,-24.5508153,9.978517059,-24.01550815,9.129785171,3141300,0.274401344,0.014251855,2582.900125,494.9709357
18-12405,,,,,,05/02/2018,,,QCE,8,698093,5904087,,,F,,Adult,,,,,Good,,,,,,,,,,,,,,,,,,,,,,,,,,,,-22.85896946,13.68734147,-20.87278409,8.273682857,-22.26555967,9.178285986,-22.1126556,9.017828599,1541800,0.151827934,0.014566279,363.6371233,225.1594705
18-13742,,,,,,22/08/2018,,,Pure Lake Park,8,691964.5,5972433.84,,,F,,na,,,,,Fair,,,,,,,,,,,,,,,,,,,,,,,,,,,,-24.87769804,5.059615695,-20.67962442,7.538057903,-22.18418849,6.015805161,-21.7643877,5.934625726,3141000,0.3214895,0.025560043,1311.986253,498.764891
18-13815,,,,,,01-08-2018,,,Balance Rock Road,9,301802.11,5907520.54,,,M,,Adult,,,,,Fair,,,,,,,,,,,,,,,,,,,,,,,,,,,,-22.9996401,10.03730987,-20.88433168,9.803200088,-21.71262781,9.927933552,,,1762000,0.152214162,0.015965391,457.7222212,302.6966689
1822-S4,,,,,,01-03-2018,,,Study site 6-17 in Session 4,8,688106,5910960,,,M,,na,,,,,na,,,,,,,,,,,,,,,,,,,,,,,,,,,,,,,,-22.43810579,9.91174683,-21.85648063,10.28835899,1571900,0.85965582,0.035222464,7561.242177,499.4158947
18-GH-01,,,,,,23/03/2018,,,52.32574 / 131.35263,9,339676.94,5799875.33,,,F,,na,,,,,na,,,,,,,,,,,,,,,,,,,,,,,,,,,,,,,,-19.03326118,12.74846987,-19.24326118,12.85846987,2394200,0.11240574,0.018616366,473.0017801,274.9060429
18-GH-02,,,,,,24/03/2018,,,Trap 18 - 52.42998 / 131.42528,9,335115.72,5811630.26,,,na,,na,,,,,na,,,,,,,,,,,,,,,,,,,,,,,,,,,,,,,,-22.06458267,9.045757199,-22.29458267,9.137757199,1678100,0.193661139,0.004860384,430.191856,275.5226343
18-GH-03,,,,,,01/04/2018,,,Trap 20 - 52.41438 / 131.42857,9,334833.77,5809902.97,,,F,,na,,,,,na,,,,,,,,,,,,,,,,,,,,,,,,,,,,,,,,-21.13910806,8.999220373,-21.54910806,9.119220373,1464800,0.171061839,0.013294475,367.0376809,243.553873
18-GH-04,,,,,,02/04/2018,,,52.42998 / 131.42528,9,335115.72,5811630.26,,,M,,na,,,,,na,,,,,,,,,,,,,,,,,,,,,,,,,,,,,,,,-21.07832477,10.32046156,-21.53832477,10.39246156,1678100,0.193661139,0.004860384,430.191856,275.5226343
