Domain,Form,Dominant Type,Subtype,Group,Source,Common_name,Sample_ID,Specimen_ID,Location Code,UTM Zone,Easting,Northing,Season,Day,Month,Year,Sample type,lab_id,weight,perc_c,perc_n,c13,n15,c_n
Marine,Fish,Large fish,Salmon,salmon,salmon,Chinook salmon,SI0068,SP0047,6,unk,unk,unk,Winter,17,2,2016,muscle,240918-843,1.093,46.0341853,15.465419,-19.46508451,14.07440927,3.473140845
Marine,Fish,Large fish,Salmon,salmon,salmon,Chinook salmon,SI0071,SP0048,6,unk,unk,unk,Winter,17,2,2016,muscle,240918-844,0.837,36.2905619,8.5430094,-20.43342681,15.3065829,4.956629223
Marine,Fish,Large fish,Salmon,salmon,salmon,Chinook salmon,SI0072,SP0305,6,unk,unk,unk,Winter,17,2,2016,muscle,240918-848,0.437,43.2786545,13.0826312,-18.56926987,13.98540796,3.859955308
Marine,Fish,Large Fish,Salmon,salmon,salmon,Chum Salmon,SI0935,SP0640,9,8,692104,5871829,Fall,14,10,2017,muscle,190918-667,0.933,44.6149416,14.9266775,-21.40764973,10.75564948,3.4875529
Marine,Fish,Large Fish,Salmon,salmon,salmon,Chum Salmon,SI0936,SP0642,9,8,692104,5871829,Fall,14,10,2017,muscle,190918-666,1.092,45.35288,15.1288003,-21.6203322,10.93068538,3.497872743
Marine,Fish,Large Fish,Salmon,salmon,salmon,Chum Salmon,SI0937,SP0641,9,8,692104,5871829,Fall,14,10,2017,muscle,190918-670,0.936,4.3358323,0.9812803,-19.52781114,8.541494778,5.15564518
Marine,Fish,Large Fish,Salmon,salmon,salmon,Chum Salmon,SI0938,SP0639,9,8,692104,5871829,Fall,14,10,2017,muscle,180918-618,0.836,44.8608524,14.5800484,-21.86437798,9.753890339,3.590146579
Marine,Fish,Large Fish,Salmon,salmon,salmon,Chum Salmon,SI0939,SP0638,9,8,692104,5871829,Fall,14,10,2017,muscle,190918-671,0.99,42.8271114,14.4446862,-21.17340498,11.2580124,3.459507657
Marine,Fish,Large Fish,Salmon,salmon,salmon,Chum Salmon,SI0945,SP0635,9,8,690756,5870197,Fall,14,10,2017,muscle,180918-648,0.776,40.104908,14.2699076,-19.13282941,12.74730091,3.279291234
Marine,Fish,Large Fish,Salmon,salmon,salmon,Chum Salmon,SI0946,SP0633,9,8,690756,5870197,Fall,14,10,2017,muscle,180918-631,0.766,46.6164796,14.8556858,-20.67551238,11.09187663,3.661427107
Marine,Fish,Large Fish,Salmon,salmon,salmon,Chum Salmon,SI0947,SP0637,9,8,690756,5870197,Fall,14,10,2017,muscle,180918-628,1.097,46.1984469,14.6749787,-22.07804055,11.1996671,3.673275657
Marine,Fish,Large Fish,Salmon,salmon,salmon,Chum Salmon,SI0948,SP0636,9,8,690756,5870197,Fall,14,10,2017,muscle,180918-623,0.66,45.1396069,14.9610966,-20.8460504,9.924970627,3.520448296
Marine,Fish,Large Fish,Salmon,salmon,salmon,Chum Salmon,SI0949,SP0634,9,8,690756,5870197,Fall,14,10,2017,muscle,180918-624,0.997,47.9260557,15.668489,-21.49389884,11.08989883,3.569013542
Marine,Fish,Large Fish,Salmon,salmon,salmon,Chum Salmon,SI0954,SP0646,10,unk,unk,unk,Fall,11,10,2017,muscle,180918-652,0.865,44.7018215,15.2527531,-20.67453228,10.2671312,3.4196417
Marine,Fish,Large Fish,Salmon,salmon,salmon,Chum Salmon,SI0956,SP0645,10,unk,unk,unk,Fall,11,10,2017,muscle,190918-669,1.013,38.4856458,14.0078813,-20.84997082,10.59544713,3.205752209
Marine,Fish,Large Fish,Salmon,salmon,salmon,Chum Salmon,SI0957,SP0657,10,unk,unk,unk,Fall,8,10,2017,muscle,180918-662,0.827,41.9476517,13.3830888,-21.04599152,11.26394582,3.657252272
Marine,Fish,Large Fish,Salmon,salmon,salmon,Chum Salmon,SI0958,SP0654,10,unk,unk,unk,Fall,22,10,2017,muscle,190918-668,1.111,31.0309545,10.7841389,-21.31355979,10.44810052,3.357478855
Marine,Fish,Large Fish,Salmon,salmon,salmon,Chum Salmon,SI0960,SP0652,10,unk,unk,unk,Fall,26,10,2017,muscle,180918-660,0.938,43.5420028,14.1319477,-20.94896127,11.62786227,3.595091966
Marine,Fish,Large Fish,Salmon,salmon,salmon,Chum Salmon,SI0961,SP0651,10,unk,unk,unk,Fall,22,10,2017,muscle,180918-616,1.011,43.8505382,14.5095381,-20.11489316,12.42096279,3.52634635
Marine,Fish,Large Fish,Salmon,salmon,salmon,Chum Salmon,SI0962,SP0650,10,unk,unk,unk,Fall,22,10,2017,muscle,180918-629,0.789,46.1047526,15.2146109,-21.04305121,11.55765013,3.535806342
Marine,Fish,Large Fish,Salmon,salmon,salmon,Chum Salmon,SI0963,SP0648,10,unk,unk,unk,Fall,10,10,2017,muscle,180918-622,0.903,45.955346,15.2256969,-21.19496726,11.50919386,3.521782126
Marine,Fish,Large Fish,Salmon,salmon,salmon,Chum Salmon,SI0964,SP0649,10,unk,unk,unk,Fall,10,10,2017,muscle,180918-644,0.92,43.7408079,14.3245032,-20.84114988,11.33514687,3.562959257
Marine,Fish,Large Fish,Salmon,salmon,salmon,Chum Salmon,SI0965,SP0644,9,unk,unk,unk,Fall,11,10,2017,muscle,180918-655,1.087,45.9860267,14.6626267,-19.62190108,12.3942624,3.659466147
Marine,Fish,Large Fish,Salmon,salmon,salmon,Chum Salmon,SI0966,SP0643,9,unk,unk,unk,Fall,11,10,2017,muscle,180918-638,0.887,44.1893779,15.4341445,-19.78851868,11.84443211,3.340711332
Marine,Fish,Large Fish,Salmon,salmon,salmon,Chum Salmon,SI0967,SP0658,10,unk,unk,unk,Fall,9,10,2017,muscle,180918-632,0.922,40.229561,13.5335242,-21.46351563,9.823113577,3.468470573
Marine,Fish,Large Fish,Salmon,salmon,salmon,Chum Salmon,SI0969,SP0661,10,unk,unk,unk,Fall,13,10,2012,muscle,180918-621,1.007,45.674884,15.1449346,-22.04569714,10.41744452,3.518954694
Marine,Fish,Large Fish,Salmon,salmon,salmon,Chum Salmon,SI0970,SP0660,10,unk,unk,unk,Fall,9,10,2017,muscle,180918-630,0.702,42.2702877,13.8747784,-19.7110905,11.82168734,3.554780366
Marine,Fish,Large Fish,Salmon,salmon,salmon,Chum Salmon,SI0971,SP0659,10,unk,unk,unk,Fall,9,10,2017,muscle,180918-640,1080,0.0436009,0.0145098,-20.71961704,11.18878916,3.506207807
Marine,Fish,Large Fish,Salmon,salmon,salmon,Chum Salmon,SI0972,SP0656,9,9,304321,5867978,Fall,12,10,2017,muscle,180918-656,0.839,43.4985036,14.0521351,-20.99012562,11.38162533,3.611899229
Marine,Fish,Large Fish,Salmon,salmon,salmon,Chum Salmon,SI0973,SP0655,9,9,304321,5867978,Fall,12,10,2017,muscle,180918-651,0.803,37.3223266,12.3629704,-19.97375825,11.47161554,3.522487853
Marine,Fish,Large fish,Salmon,salmon,salmon,Coho salmon,SI0069,SP0045,6,unk,unk,unk,Winter,17,2,2016,muscle,210918-839,1.077,35.1005681,11.1273398,-22.21721526,11.19472258,3.680666087
Marine,Fish,Large fish,Salmon,salmon,salmon,Coho salmon,SI0070,SP0046,6,unk,unk,unk,Winter,17,2,2016,muscle,240918-846,0.781,49.465702,15.3085424,-20.49223302,12.16582572,3.770283089
Marine,Fish,Large Fish,Salmon,salmon,salmon,Coho Salmon,SI0942,SP0557,5,9,305185,5940983,Fall,19,9,2017,muscle,190918-672,0.986,42.5731309,12.8446768,-19.66306542,14.83388708,3.867372759
Marine,Fish,Large Fish,Salmon,salmon,salmon,Coho Salmon,SI0943,SP0682,3,8,694323,5904597,Fall,unk,10,unk,muscle,190918-678,0.836,47.3102976,14.5610875,-18.44283651,13.42173303,3.791102206
Marine,Fish,Large Fish,Salmon,salmon,salmon,Coho Salmon,SI0959,SP0653,10,unk,unk,unk,Fall,unk,10,2017,muscle,180918-615,0.812,44.7878715,14.8786792,-18.22525353,14.71620757,3.512365221
Marine,Fish,Large Fish,Salmon,salmon,salmon,Coho Salmon,SI0974,SP0680,3,8,694323,5904597,Fall,unk,10,unk,muscle,180918-620,0.902,46.5564172,13.4328476,-18.69080271,13.7332376,4.044036702
Marine,Fish,Large Fish,Salmon,salmon,salmon,Coho Salmon,SI0975,SP0681,3,8,694323,5904597,Fall,unk,10,unk,muscle,180918-627,0.851,45.6373739,13.1301901,-18.31444295,14.08034269,4.055582653
Marine,Fish,Large Fish,Salmon,salmon,salmon,Spring Salmon,SI0940,SP0558,3,9,300515,5906094,Summer,unk,6,2017,muscle,180918-619,1.161,48.4919927,14.0720616,-19.70520988,14.13868799,4.020832005
Marine,Fish,Large Fish,Salmon,salmon,salmon,Spring Salmon,SI0941,SP0559,3,9,300515,5906094,Summer,27,8,2017,muscle,180918-659,0.889,45.6025237,14.2719747,-18.64277764,13.26944191,3.728279262
Marine,Fish,Large Fish,Salmon,salmon,salmon,Spring Salmon,SI0944,SP0679,3,unk,unk,unk,Summer,unk,8,2017,muscle,190918-680,0.979,55.5776133,10.4688838,-22.97091488,13.02023825,6.194455509
Marine,Invertebrate,Amphipod,Amphipod,m.invertebrate,m.invertebrate,Amphipod,SI0163,SP0198,3,8,689886,5902914,Fall,1,9,2016,whole organism,110918-351,1.177,36.7124991,6.6189138,-20.4304865,8.813443211,6.471885845
Marine,Invertebrate,Amphipod,Amphipod,m.invertebrate,m.invertebrate,Amphipod,SI0164,SP0198,3,8,689886,5902914,Fall,1,9,2016,whole organism,110918-364,1.069,35.2971343,7.8496544,-19.22789945,11.51216057,5.24677615
Marine,Invertebrate,Amphipod,Amphipod,m.invertebrate,m.invertebrate,Amphipod,SI0486,SP0408,3,8,689886,5902914,Winter,18,2,2016,whole organism,110918-330,0.861,34.8571192,5.8966127,-20.63924855,9.961560052,6.897512763
Marine,Invertebrate,Amphipod,Amphipod,m.invertebrate,m.invertebrate,Amphipod,SI0487,SP0409,3,8,689886,5902914,Winter,18,2,2016,whole organism,150918-441,0.984,31.5581152,6.1723122,-18.51928459,10.68926768,5.965773999
Marine,Invertebrate,Amphipod,Amphipod,m.invertebrate,m.invertebrate,Amphipod,SI0488,SP0410,3,8,689886,5902914,Winter,18,2,2016,whole organism,140918-425,1.156,35.2890042,3.934564,-21.92122399,8.808498695,10.46517305
Marine,Invertebrate,Amphipod,Amphipod,m.invertebrate,m.invertebrate,Amphipod,SI0489,SP0411,3,8,689886,5902914,Winter,18,2,2016,whole organism,140918-422,0.977,41.2617363,6.2890524,-21.50173967,10.12670692,7.655365147
Marine,Invertebrate,Amphipod,Amphipod,m.invertebrate,m.invertebrate,Amphipod,SI0490,SP0412,3,8,689886,5902914,Winter,18,2,2016,whole organism,140918-413,0.903,35.6807108,7.2420986,-20.03354456,10.77344974,5.748740286
Marine,Invertebrate,Amphipod,Amphipod,m.invertebrate,m.invertebrate,Amphipod,SI0496,SP0418,4,9,305658,5927558,Spring,13,3,2016,whole organism,110918-347,1.264,29.2693944,3.9821656,-20.28445107,5.522372715,8.576262099
Marine,Invertebrate,Amphipod,Amphipod,m.invertebrate,m.invertebrate,Amphipod,SI0530,SP0448,5,9,306181,5938912,Fall,1,9,2016,whole organism,100918-246,1.233,40.6229235,7.6326944,-20.09627119,9.185270888,6.210076145
Marine,Invertebrate,Amphipod,Amphipod,m.invertebrate,m.invertebrate,Amphipod,SI0531,SP0449,5,9,306181,5938912,Fall,1,9,2016,whole organism,110918-345,0.944,41.0907287,3.6702588,-22.37305172,7.842340078,13.06323619
Marine,Invertebrate,Amphipod,Amphipod,m.invertebrate,m.invertebrate,Amphipod,SI0532,SP0450,5,9,306181,5938912,Fall,1,9,2016,whole organism,110918-377,0.936,42.3231887,4.3306859,-21.82615394,7.80772846,11.40316266
Marine,Invertebrate,Amphipod,Amphipod,m.invertebrate,m.invertebrate,Amphipod,SI0533,SP0451,5,9,306181,5938912,Fall,1,9,2016,whole organism,110918-346,1.396,39.6619294,6.1935129,-20.84212999,9.388984987,7.472061113
Marine,Invertebrate,Amphipod,Amphipod,m.invertebrate,m.invertebrate,Amphipod,SI0534,SP0452,5,9,306181,5938912,Fall,1,9,2016,whole organism,100918-273,0.454,36.6117958,3.742472,-20.33193639,3.773356,11.41474191
Marine,Invertebrate,Amphipod,Amphipod,m.invertebrate,m.invertebrate,Amphipod,SI0543,SP0461,6,8,685694,5952365,Winter,16,2,2016,whole organism,100918-242,1.043,39.0923636,7.308096,-19.28768577,8.425793081,6.241533567
Marine,Invertebrate,Amphipod,Amphipod,m.invertebrate,m.invertebrate,Amphipod,SI0544,SP0462,6,8,685694,5952365,Winter,16,2,2016,whole organism,100918-272,1.323,36.3869817,5.8688617,-20.13753352,8.216476,7.234287789
Marine,Invertebrate,Amphipod,Amphipod,m.invertebrate,m.invertebrate,Amphipod,SI0545,SP0463,6,8,685694,5952365,Winter,16,2,2016,whole organism,100918-244,1.344,47.7163976,5.9635192,-22.17899122,8.280424282,9.33616786
Marine,Invertebrate,Amphipod,Amphipod,m.invertebrate,m.invertebrate,Amphipod,SI0546,SP0464,6,8,685694,5952365,Winter,16,2,2016,whole organism,140918-429,0.899,32.633912,6.9764555,-18.77607172,10.28295366,5.458055335
Marine,Invertebrate,Amphipod,Amphipod,m.invertebrate,m.invertebrate,Amphipod,SI0547,SP0465,6,8,685694,5952365,Winter,16,2,2016,whole organism,100918-240,0.853,32.3488029,5.1588452,-19.62582149,5.958479112,7.316600496
Marine,Invertebrate,Amphipod,Amphipod,m.invertebrate,m.invertebrate,Amphipod,SI0560,SP0478,7,9,315953,5995090,Winter,16,2,2016,whole organism,100918-233,1.101,42.7423908,6.6415646,-19.44156202,9.43348564,7.509171691
Marine,Invertebrate,Amphipod,Amphipod,m.invertebrate,m.invertebrate,Amphipod,SI0561,SP0479,7,9,315953,5995090,Winter,16,2,2016,whole organism,100918-228,1.028,39.7554411,6.6173538,-15.33884859,8.024298303,7.009964944
Marine,Invertebrate,Amphipod,Amphipod,m.invertebrate,m.invertebrate,Amphipod,SI0562,SP0480,7,9,315953,5995090,Winter,16,2,2016,whole organism,100918-230,1.269,38.5523017,7.6298915,-14.82723454,8.561272846,5.895702687
Marine,Invertebrate,Amphipod,Amphipod,m.invertebrate,m.invertebrate,Amphipod,SI0563,SP0481,7,9,315953,5995090,Winter,16,2,2016,whole organism,100918-232,1.159,36.9855929,7.9260557,-15.71814867,9.92892624,5.444764369
Marine,Invertebrate,Amphipod,Amphipod,m.invertebrate,m.invertebrate,Amphipod,SI0564,SP0482,7,9,315953,5995090,Winter,16,2,2016,whole organism,100918-223,0.913,33.8367032,6.4982022,-14.2891577,9.124947781,6.075729717
Marine,Invertebrate,Crab,Large crab,m.invertebrate,m.invertebrate,Dungeness crab,SI1028,SP0297,7,9,317216,5994945,Winter,16,2,2016,whole organism,180918-646,1.035,11.7638445,1.3747884,-13.36982058,0.77464752,9.984286641
Marine,Invertebrate,Crab,Large crab,m.invertebrate,m.invertebrate,Unidentified Crab,SI0990,SP0298,7,9,317216,5994945,Winter,16,2,2016,whole organism,180918-634,0.746,51.8078242,4.6507133,-20.66375114,9.706422977,12.99808613
Marine,Invertebrate,Crab,Large crab,m.invertebrate,m.invertebrate,Unidentified Crab,SI0991,SP0878,7,9,317216,5994945,Winter,16,2,2016,whole organism,190918-697,0.824,25.2604561,3.335208,-17.31571744,8.560283943,8.837346607
Marine,Invertebrate,Crab,Large crab,m.invertebrate,m.invertebrate,Unidentified Crab,SI0993,SP0295,3,8,692283,5903987,Winter,18,2,2016,whole organism,180918-639,0.831,29.3850739,4.5826897,-18.29582098,10.55193538,7.481866596
Marine,Invertebrate,Crab,Large crab,m.invertebrate,m.invertebrate,Unidentified Crab,SI1022,SP0749,6,8,690362,5959669,Winter,16,2,2016,whole organism,190918-704,0.862,36.7363962,6.0704341,-17.53820094,8.84805483,7.061231112
Marine,Invertebrate,Crab,Large crab,m.invertebrate,m.invertebrate,Unidentified Crab,SI1023,SP0751,6,8,690362,5959669,Winter,16,2,2016,whole organism,180918-625,0.947,24.798706,5.5533391,-14.76352781,7.97386423,5.210488614
Marine,Invertebrate,Crab,Small Crab,m.invertebrate,m.invertebrate,Hermit crab,SI0146,SP0194,3,8,689886,5902914,Fall,1,9,2016,whole organism,150918-440,0.909,23.6192745,3.7855249,-14.16272434,9.570736491,7.280212751
Marine,Invertebrate,Crab,Small Crab,m.invertebrate,m.invertebrate,Hermit crab,SI0555,SP0473,7,9,315953,5995090,Winter,16,2,2016,whole organism,100918-231,1.26,33.9597237,6.6508425,-17.06579104,9.316795039,5.957871189
Marine,Invertebrate,Crab,Small Crab,m.invertebrate,m.invertebrate,Hermit crab,SI0556,SP0474,7,9,315953,5995090,Winter,16,2,2016,whole organism,100918-225,1.03,34.0452199,7.2407826,-15.83086057,9.983315927,5.486233151
Marine,Invertebrate,Crab,Small Crab,m.invertebrate,m.invertebrate,Porcelain crab,SI0557,SP0475,7,9,315953,5995090,Winter,16,2,2016,whole organism,100918-227,1.066,31.7348452,5.3143521,-15.72990991,7.718727154,6.967703856
Marine,Invertebrate,Crab,Small Crab,m.invertebrate,m.invertebrate,Shore crab,SI0136,SP0193,3,8,689886,5902914,Fall,1,9,2016,whole organism,110918-290,1.097,26.4371491,3.7421909,-16.46699719,9.866122,8.243132992
Marine,Invertebrate,Crab,Small Crab,m.invertebrate,m.invertebrate,Shore crab,SI0137,SP0193,3,8,689886,5902914,Fall,1,9,2016,whole organism,110918-284,1.047,25.682061,3.1007333,-16.26208606,10.026772,9.664270662
Marine,Invertebrate,Crab,Small Crab,m.invertebrate,m.invertebrate,Shore crab,SI0138,SP0193,3,8,689886,5902914,Fall,1,9,2016,whole organism,110918-288,1.056,23.2281944,2.6799878,-16.73811038,9.698128,10.1131456
Marine,Invertebrate,Crab,Small Crab,m.invertebrate,m.invertebrate,Shore crab,SI0139,SP0193,3,8,689886,5902914,Fall,1,9,2016,whole organism,110918-291,1.182,22.8033205,2.9075665,-16.55736826,9.15559,9.151073837
Marine,Invertebrate,Crab,Small Crab,m.invertebrate,m.invertebrate,Shore crab,SI0140,SP0193,3,8,689886,5902914,Fall,1,9,2016,whole organism,110918-295,1.23,23.4784018,2.7324,-16.93146243,9.363976,10.02600412
Marine,Invertebrate,Crab,Small Crab,m.invertebrate,m.invertebrate,Shore crab,SI0141,SP0193,3,8,689886,5902914,Fall,1,9,2016,whole organism,110918-287,1.119,30.4310711,4.1107837,-18.68949486,10.89979,8.637662635
Marine,Invertebrate,Crab,Small Crab,m.invertebrate,m.invertebrate,Shore crab,SI0142,SP0193,3,8,689886,5902914,Fall,1,9,2016,whole organism,110918-299,1.201,30.4083912,4.0734039,-18.95850639,9.842254,8.710429972
Marine,Invertebrate,Crab,Small Crab,m.invertebrate,m.invertebrate,Shore crab,SI0143,SP0193,3,8,689886,5902914,Fall,1,9,2016,whole organism,110918-293,0.919,33.4363,3.8588648,-15.83019645,8.495548,10.11025885
Marine,Invertebrate,Crab,Small Crab,m.invertebrate,m.invertebrate,Shore crab,SI0144,SP0193,3,8,689886,5902914,Fall,1,9,2016,whole organism,110918-300,1.067,23.6652174,2.6294937,-17.49470533,10.011166,10.50127396
Marine,Invertebrate,Crab,Small Crab,m.invertebrate,m.invertebrate,Shore crab,SI0145,SP0193,3,8,689886,5902914,Fall,1,9,2016,whole organism,110918-301,1.198,22.8681934,2.9765954,-15.89429685,9.611836,8.964285399
Marine,Invertebrate,Crab,Small Crab,m.invertebrate,m.invertebrate,Shore crab,SI0481,SP0403,3,8,689886,5902914,Winter,18,2,2016,whole organism,140918-407,1.131,32.4290025,7.3341666,-23.2257418,7.258887076,5.159248468
Marine,Invertebrate,Crab,Small Crab,m.invertebrate,m.invertebrate,Shore crab,SI0482,SP0404,3,8,689886,5902914,Winter,18,2,2016,whole organism,140918-406,1.036,26.6321558,4.7636932,-16.21114075,9.499742167,6.523282159
Marine,Invertebrate,Crab,Small Crab,m.invertebrate,m.invertebrate,Shore crab,SI0483,SP0405,3,8,689886,5902914,Winter,18,2,2016,whole organism,110918-388,1.011,25.5347984,4.3152127,-16.78842173,9.773668407,6.904525705
Marine,Invertebrate,Crab,Small Crab,m.invertebrate,m.invertebrate,Shore crab,SI0484,SP0406,3,8,689886,5902914,Winter,18,2,2016,whole organism,110918-371,1.197,28.3169855,5.7011549,-18.12920338,9.628299608,5.795458525
Marine,Invertebrate,Crab,Small Crab,m.invertebrate,m.invertebrate,Shore crab,SI0485,SP0407,3,8,689886,5902914,Winter,18,2,2016,whole organism,140918-393,1.03,30.6867121,5.4256789,-19.70226957,8.540505875,6.599330755
Marine,Invertebrate,Crab,Small Crab,m.invertebrate,m.invertebrate,Shore crab,SI0491,SP0413,4,9,305658,5927558,Spring,13,3,2016,whole organism,140918-416,0.969,17.9162706,1.0646984,-13.3757012,3.625656005,19.63471657
Marine,Invertebrate,Crab,Small Crab,m.invertebrate,m.invertebrate,Shore crab,SI0492,SP0414,4,9,305658,5927558,Spring,13,3,2016,whole organism,140918-419,0.993,20.7363633,1.9978437,-16.20624023,5.424471279,12.11085234
Marine,Invertebrate,Crab,Small Crab,m.invertebrate,m.invertebrate,Shore crab,SI0493,SP0415,4,9,305658,5927558,Spring,13,3,2016,whole organism,110918-316,0.922,13.2341746,0.7127964,-14.3790053,4.411366,21.66381743
Marine,Invertebrate,Crab,Small Crab,m.invertebrate,m.invertebrate,Shore crab,SI0494,SP0416,4,9,305658,5927558,Spring,13,3,2016,whole organism,110918-309,1.185,13.5903747,0.7594241,-13.33763642,3.608116,20.88097052
Marine,Invertebrate,Crab,Small Crab,m.invertebrate,m.invertebrate,Shore crab,SI0495,SP0417,4,9,305658,5927558,Spring,13,3,2016,whole organism,140918-431,1.173,23.1517654,2.1637234,-17.62248985,6.268005875,12.48492667
Marine,Invertebrate,Crab,Small Crab,m.invertebrate,m.invertebrate,Shore crab,SI0503,SP0421,4,9,305658,5927558,Fall,1,9,2016,whole organism,110918-335,1.004,33.4787894,7.5016126,-19.99336032,9.624343995,5.207373607
Marine,Invertebrate,Crab,Small Crab,m.invertebrate,m.invertebrate,Shore crab,SI0504,SP0422,4,9,305658,5927558,Fall,1,9,2016,whole organism,110918-336,0.9341,23.654,4.423,-18.4345,8.7432,5.347953877
Marine,Invertebrate,Crab,Small Crab,m.invertebrate,m.invertebrate,Shore crab,SI0505,SP0423,4,9,305658,5927558,Fall,1,9,2016,whole organism,110918-370,0.996,24.594847,4.2084591,-16.4483258,8.270535248,6.819061999
Marine,Invertebrate,Crab,Small Crab,m.invertebrate,m.invertebrate,Shore crab,SI0506,SP0424,4,9,305658,5927558,Fall,1,9,2016,whole organism,140918-412,1.089,20.8906553,2.9127869,-14.59593011,7.675215405,8.368487564
Marine,Invertebrate,Crab,Small Crab,m.invertebrate,m.invertebrate,Shore crab,SI0507,SP0425,4,9,305658,5927558,Fall,1,9,2016,whole organism,110918-338,1.137,40.9368908,9.5081265,-17.86653563,10.90101828,5.023698048
Marine,Invertebrate,Crab,Small Crab,m.invertebrate,m.invertebrate,Shore crab,SI0525,SP0443,5,9,306181,5938912,Fall,1,9,2016,whole organism,110918-340,0.931,24.1860466,4.7787767,-13.43842782,6.442052872,5.905433351
Marine,Invertebrate,Crab,Small Crab,m.invertebrate,m.invertebrate,Shore crab,SI0526,SP0444,5,9,306181,5938912,Fall,1,9,2016,whole organism,140918-417,1.016,26.6599157,5.0977042,-15.99845828,6.09198107,6.102218652
Marine,Invertebrate,Crab,Small Crab,m.invertebrate,m.invertebrate,Shore crab,SI0527,SP0445,5,9,306181,5938912,Fall,1,9,2016,whole organism,110918-384,0.999,22.6819652,3.2987575,-15.01933484,5.376015013,8.022946826
Marine,Invertebrate,Crab,Small Crab,m.invertebrate,m.invertebrate,Shore crab,SI0528,SP0446,5,9,306181,5938912,Fall,1,9,2016,whole organism,140918-391,1.113,19.9631368,2.782289,-13.17183966,6.51127611,8.372018296
Marine,Invertebrate,Crab,Small Crab,m.invertebrate,m.invertebrate,Shore crab,SI0529,SP0447,5,9,306181,5938912,Fall,1,9,2016,whole organism,140918-408,0.948,19.8830656,2.52209,-13.17085956,5.332503264,9.198698614
Marine,Invertebrate,Crab,Small Crab,m.invertebrate,m.invertebrate,Shore crab,SI0538,SP0456,6,8,685042,5950280,Winter,16,2,2016,whole organism,100918-271,1.04,25.3786991,3.5694354,-15.25014032,6.468604,8.296089999
Marine,Invertebrate,Crab,Small Crab,m.invertebrate,m.invertebrate,Shore crab,SI0539,SP0457,6,8,685042,5950280,Winter,16,2,2016,whole organism,100918-275,1.259,25.3517428,4.3728085,-14.84662301,7.869472,6.764738083
Marine,Invertebrate,Crab,Small Crab,m.invertebrate,m.invertebrate,Shore crab,SI0540,SP0458,6,8,685042,5950280,Winter,16,2,2016,whole organism,100918-245,1.168,30.2082723,5.5252019,-14.54202441,7.368655352,6.379422408
Marine,Invertebrate,Crab,Small Crab,m.invertebrate,m.invertebrate,Shore crab,SI0541,SP0459,6,8,685042,5950280,Winter,16,2,2016,whole organism,100918-241,1.137,34.5113232,4.5038893,-15.87986575,5.91694517,8.940823632
Marine,Invertebrate,Crab,Small Crab,m.invertebrate,m.invertebrate,Shore crab,SI0542,SP0460,6,8,685042,5950280,Winter,16,2,2016,whole organism,100918-274,1.122,26.9747464,4.6501852,-13.53203929,9.048184,6.768473696
Marine,Invertebrate,Crab,Small Crab,m.invertebrate,m.invertebrate,Shore crab,SI0553,SP0471,7,9,315953,5995090,Winter,16,2,2016,whole organism,100918-229,1.445,30.0830027,6.072435,-15.49566516,9.382062663,5.780453775
Marine,Invertebrate,Crab,Small Crab,m.invertebrate,m.invertebrate,Shore crab,SI0554,SP0472,7,9,315953,5995090,Winter,16,2,2016,whole organism,100918-224,1.379,24.4456069,2.7538734,-14.66257715,6.40348564,10.35763201
Marine,Invertebrate,Gastropod,Limpet,m.invertebrate,m.invertebrate,Limpet,SI0985,SP0159,4,9,305658,5927558,Spring,13,3,2016,whole organism,190918-695,1.169,44.4748542,10.8743219,-22.27210106,10.75960509,4.772170733
Marine,Invertebrate,Gastropod,Limpet,m.invertebrate,m.invertebrate,Limpet,SI0986,SP0786,4,9,305658,5927558,Spring,13,3,2016,whole organism,190918-696,0.744,42.6797954,10.5527789,-21.16066364,10.89508486,4.719099284
Marine,Invertebrate,Gastropod,Limpet,m.invertebrate,m.invertebrate,Limpet,SI0997,SP0166,4,9,300486,5904817,Fall,1,9,2016,whole organism,190918-682,0.974,28.9589075,6.3503501,-21.16262385,8.996390339,5.320937153
Marine,Invertebrate,Gastropod,Limpet,m.invertebrate,m.invertebrate,Limpet,SI0998,SP0834,4,9,300486,5904817,Fall,1,9,2016,whole organism,180918-635,1.095,27.2200639,7.1586647,-20.09333088,10.97518603,4.436706948
Marine,Invertebrate,Gastropod,Limpet,m.invertebrate,m.invertebrate,Limpet,SI0999,SP0835,4,9,300486,5904817,Fall,1,9,2016,whole organism,180918-649,0.746,23.0157426,5.8145089,-19.99336032,11.00485313,4.618655575
Marine,Invertebrate,Gastropod,Sea snail,m.invertebrate,m.invertebrate,Common periwinkle,SI0159,SP0197,3,8,689886,5902914,Fall,1,9,2016,whole organism,150918-459,0.893,18.8965616,1.106695,-10.48537585,6.037020655,19.92317109
Marine,Invertebrate,Gastropod,Sea snail,m.invertebrate,m.invertebrate,Common periwinkle,SI0160,SP0197,3,8,689886,5902914,Fall,1,9,2016,whole organism,150918-481,0.93,40.6951275,11.6065378,-17.51663867,11.02252869,4.091130642
Marine,Invertebrate,Gastropod,Sea snail,m.invertebrate,m.invertebrate,Common periwinkle,SI0161,SP0197,3,8,689886,5902914,Fall,1,9,2016,whole organism,170918-531,0.945,39.5475348,10.2628413,-17.51271825,10.86047324,4.496301532
Marine,Invertebrate,Gastropod,Sea snail,m.invertebrate,m.invertebrate,Common periwinkle,SI0162,SP0197,3,8,689886,5902914,Fall,1,9,2016,whole organism,180918-613,0.766,33.9906928,8.6755188,-17.8851576,10.94749674,4.571599598
Marine,Invertebrate,Gastropod,Sea snail,m.invertebrate,m.invertebrate,Whelk,SI1029,SP0796,3,8,692283,5903987,Winter,18,2,2016,whole organism,190918-708,0.722,28.046698,7.2648979,-17.37060324,9.480953003,4.504596008
Marine,Invertebrate,Gastropod,Sea snail,m.invertebrate,m.invertebrate,Whelk,SI1030,SP0797,3,8,692283,5903987,Winter,18,2,2016,whole organism,190918-690,0.902,29.8622,8.321122,-14.37834712,8.1233,3.588722771
Marine,Invertebrate,Gastropod,Sea snail,m.invertebrate,m.invertebrate,Whelk,SI1031,SP0798,3,8,692283,5903987,Winter,18,2,2016,whole organism,190918-706,0.942,35.435416,8.7199037,-14.99287204,14.72115209,4.741649756
Marine,Invertebrate,Gastropod,Sea snail,m.invertebrate,m.invertebrate,Whelk,SI1032,SP0799,3,8,692283,5903987,Winter,18,2,2016,whole organism,190918-688,0.767,39.3422599,9.7299726,-17.97042661,10.69631527,4.717928017
Marine,Invertebrate,Gastropod,Sea snail,m.invertebrate,m.invertebrate,Whelk,SI1033,SP0800,3,8,692283,5903987,Winter,18,2,2016,whole organism,180918-642,0.722,28.3614853,6.1665705,-19.10930692,9.959582245,5.366472336
Marine,Invertebrate,Mollusc,Mussel,m.invertebrate,m.invertebrate,Blue mussel,SI0148,SP0195,3,8,689886,5902914,Fall,1,9,2016,whole organism,150918-512,1.009,42.6883782,9.9490607,-21.15772333,11.01295222,5.006465176
Marine,Invertebrate,Mollusc,Mussel,m.invertebrate,m.invertebrate,Blue mussel,SI0149,SP0195,3,8,689886,5902914,Fall,1,9,2016,whole organism,150918-509,1.074,45.7792275,6.3274323,-23.47664831,10.2104444,8.441985025
Marine,Invertebrate,Mollusc,Mussel,m.invertebrate,m.invertebrate,Blue mussel,SI0150,SP0195,3,8,689886,5902914,Fall,1,9,2016,whole organism,170918-527,0.885,38.7459035,8.6900527,-18.73784768,11.94431136,5.202439123
Marine,Invertebrate,Mollusc,Mussel,m.invertebrate,m.invertebrate,Blue mussel,SI0151,SP0195,3,8,689886,5902914,Fall,1,9,2016,whole organism,150918-491,1.081,41.220153,9.741907,-19.69246853,11.96006468,4.937069544
Marine,Invertebrate,Mollusc,Mussel,m.invertebrate,m.invertebrate,Blue mussel,SI0987,SP0785,4,9,305658,5927558,Spring,13,3,2016,whole organism,190918-685,0.914,40.1948639,7.982547,-20.4853723,11.10275457,5.875335928
Marine,Invertebrate,Mollusc,Mussel,m.invertebrate,m.invertebrate,Blue mussel,SI1024,SP0299,6,8,690362,5959669,Winter,16,2,2016,whole organism,180918-647,0.858,39.1602137,10.7568612,-17.0824528,9.59368799,4.247790732
Marine,Invertebrate,Mollusc,Mussel,m.invertebrate,m.invertebrate,Blue mussel,SI1025,SP0740,6,8,690362,5959669,Winter,16,2,2016,whole organism,190918-701,0.934,18.0488025,5.2742399,-17.4695937,8.966723238,3.992934053
Marine,Invertebrate,Mollusc,Mussel,m.invertebrate,m.invertebrate,Blue mussel,SI1026,SP0741,6,8,690362,5959669,Winter,16,2,2016,whole organism,190918-702,0.695,35.4950416,10.5626274,-17.8567346,8.994412533,3.921022676
Marine,Invertebrate,Mollusc,Mussel,m.invertebrate,m.invertebrate,Blue mussel,SI1027,SP0742,6,8,690362,5959669,Winter,16,2,2016,whole organism,190918-684,1.01,22.2234119,4.4506966,-19.95513628,9.675766971,5.82621317
Terrestrial,Bird,Granivore - arboreal,Fringillidae,i.bird,t.fauna,Red crossbill,SI0031,SP0007,3,8,694323,5904589,Winter,unk,1,2005,muscle,110918-328,0.881,49.4923893,12.3740198,-25.41725332,4.929030679,4.666929479
Terrestrial,Bird,Granivore - ground,Emberizidae,i.bird,t.fauna,Fox sparrow,SI0617,SP0508,5,9,306181,5938912,Winter,7,2,2016,muscle,100918-214,1.022,50.2416699,14.1569426,-23.85104786,3.803658616,4.140933148
Terrestrial,Bird,Granivore - ground,Emberizidae,i.bird,t.fauna,Fox Sparrow,SI0842,SP0568,11,unk,unk,unk,Summer,17,8,2017,muscle,170918-556,0.989,45.3790524,12.7921412,-26.1562514,5.522372715,4.139194201
Terrestrial,Bird,Granivore - ground,Emberizidae,i.bird,t.fauna,Song sparrow,SI0336,SP0342,5,9,306181,5938912,Fall,21,9,2016,muscle,110918-354,0.83,45.7452696,13.2006176,-26.19251523,4.440512402,4.04348248
Terrestrial,Bird,Granivore - ground,Emberizidae,i.bird,t.fauna,Song Sparrow,SI0822,SP0516,4,9,304874,5918907,Spring,25,5,2017,muscle,170918-520,0.822,36.5337072,8.951407,-22.96405416,8.588962141,4.762182826
Terrestrial,Bird,Granivore - ground,Emberizidae,i.bird,t.fauna,Song Sparrow,SI0830,SP0533,5,9,306027,5938890,Spring,22,5,2017,muscle,170918-558,0.846,43.456156,12.0167839,-24.51751827,3.247894909,4.219555278
Terrestrial,Bird,Granivore - ground,Emberizidae,i.bird,t.fauna,Song Sparrow,SI0836,SP0529,5,9,305462,5920993,Spring,22,4,2017,muscle,180918-592,0.854,45.6615972,12.734239,-24.60964801,3.722568538,4.183904151
Terrestrial,Bird,Granivore - ground,Emberizidae,i.bird,t.fauna,Song Sparrow,SI0846,SP0670,5,9,306181,5938912,Fall,29,10,2017,muscle,150918-448,1.052,48.5456573,14.3958903,-26.20721678,6.18066764,3.93473494
Terrestrial,Bird,Granivore - ground,Emberizidae,i.bird,t.fauna,Song Sparrow,SI0848,SP0531,5,9,306027,5938890,Spring,26,5,2017,muscle,150918-450,0.867,41.1752817,12.9436528,-24.51849838,3.640988942,3.711789585
Terrestrial,Bird,Granivore - ground,Emberizidae,i.bird,t.fauna,Song Sparrow,SI0850,SP0532,3,8,694323,5904597,Winter,unk,2,2017,muscle,150918-446,0.812,46.0240413,13.5990396,-23.38059816,3.461909034,3.948936379
Terrestrial,Bird,Herbivore - grouse,Phasianidae,h.bird,t.fauna,Sooty grouse,SI0871,SP0544,8,unk,unk,unk,Fall,unk,9,2017,muscle,170918-557,1.024,44.9504333,13.8507111,-27.30689296,-0.034275457,3.786739556
Terrestrial,Bird,Herbivore - grouse,Phasianidae,h.bird,t.fauna,Sooty Grouse,SI0874,SP0599,8,unk,unk,unk,Fall,unk,unk,2017,muscle,170918-553,1.091,43.6451376,12.9907041,-27.33825627,-1.156680809,3.920187153
Terrestrial,Bird,Herbivore - grouse,Phasianidae,h.bird,t.fauna,Sooty grouse,SI0878,SP0543,8,unk,unk,unk,Fall,unk,9,2017,muscle,170918-581,0.954,43.3321051,13.4068524,-27.40784362,-2.075372063,3.771260952
Terrestrial,Bird,Herbivore - grouse,Phasianidae,h.bird,t.fauna,Sooty Grouse,SI0879,SP0622,11,unk,unk,unk,Fall,unk,unk,unk,muscle,180918-590,0.972,42.7588518,12.8929764,-26.84722439,-2.057571802,3.869692641
Terrestrial,Bird,Herbivore - grouse,Phasianidae,h.bird,t.fauna,Sooty grouse,SI0898,SP0539,6,8,682921,5941717,Summer,10,6,2017,muscle,170918-575,0.786,43.5329372,10.0987981,-29.57485255,0.688612924,5.029813768
Terrestrial,Bird,Herbivore - grouse,Phasianidae,h.bird,t.fauna,Sooty grouse,SI0933,SP0545,5,9,306181,5938912,Fall,15,9,2017,muscle,180918-617,0.949,44.7539055,14.6371836,-26.78841818,-3.163165796,3.567607307
Terrestrial,Bird,Insectivore - arboreal gleaner,Turdidae,i.bird,t.fauna,Swaison's thrush,SI0869,SP0542,3,8,692448,5904299,Summer,21,8,2017,muscle,170918-564,0.92,45.0889148,12.966516,-25.40745229,5.905078329,4.057421323
Terrestrial,Bird,Insectivore - bark gleaner,Certhiidae,i.bird,t.fauna,Brown Creeper,SI0834,SP0678,3,8,694323,5904597,Fall,unk,11,2015,muscle,150918-452,0.977,41.2611663,11.9144425,-25.44175591,8.104579595,4.040837619
Terrestrial,Bird,Insectivore - bark gleaner,Piscidae,i.bird,t.fauna,Red-breasted Sapsucker,SI0854,SP0677,3,9,300515,5906092,Fall,unk,9,2017,muscle,150918-457,0.9,49.062913,14.4868617,-25.69756294,3.060655122,3.95168793
Terrestrial,Bird,Insectivore - excavator,Picidae,i.bird,t.fauna,Hairy woodpecker,SI0037,SP0071,3,8,692445,5904314,Spring,21,4,2016,muscle,110918-361,1.084,47.9857432,11.753871,-19.17203355,11.99968995,4.763596091
Terrestrial,Bird,Insectivore - excavator,Picidae,i.bird,t.fauna,Northern flicker,SI0045,SP0009,3,8,694323,5904589,Winter,14,12,2015,muscle,140918-420,0.863,43.8884514,13.4226953,-27.29023119,6.682356397,3.815172246
Terrestrial,Bird,Insectivore - foliage gleaner,Parulidae,i.bird,t.fauna,Orange-Crowned Warbler,SI0913,SP0535,3,8,692448,5904299,Fall,20,9,2017,muscle,180918-588,0.793,45.3661767,11.9504935,-27.41666455,2.950234987,4.429451642
Terrestrial,Bird,Insectivore - foliage gleaner,Parulidae,i.bird,t.fauna,Townsend's warbler,SI0028,SP0002,5,9,306181,5938912,Fall,23,11,2007,muscle,110918-331,0.748,54.8783278,6.2281796,-27.92435819,2.983857702,10.28118956
Terrestrial,Bird,Insectivore - foliage gleaner,Parulidae,i.bird,t.fauna,Townsend's warbler,SI0030,SP0062,5,9,306181,5938912,Summer,unk,7,2016,muscle,100918-268,1.062,49.4024243,11.1713792,-26.70624883,6.749512,5.159945235
Terrestrial,Bird,Insectivore - foliage gleaner,Parulidae,i.bird,t.fauna,Townsend's warbler,SI0852,SP0528,8,unk,unk,unk,Spring,unk,unk,2017,muscle,170918-559,1.016,44.0666774,11.8691703,-25.40451198,2.853322454,4.332051088
Terrestrial,Bird,Insectivore - foliage gleaner,Parulidae,i.bird,t.fauna,Townsend's Warbler,SI0905,SP0536,3,8,694323,5904597,Summer,20,7,2017,muscle,170918-583,0.684,45.8326463,12.0816996,-25.64757766,4.338655352,4.426398651
Terrestrial,Bird,Insectivore - foliage gleaner,Parulidae,i.bird,t.fauna,Warbler,SI0029,SP0003,11,unk,unk,unk,Fall,unk,unk,unk,muscle,100918-267,1.104,28.8679197,4.8800267,-27.95357967,3.167476,6.902349009
Terrestrial,Bird,Insectivore - foliage gleaner,Regulidae,i.bird,t.fauna,Golden-Crowned Kinglet,SI0858,SP0673,5,9,305462,5920993,Fall,15,10,2017,muscle,170918-565,0.79,41.936861,11.6521399,-27.83124835,4.018250653,4.199463922
Terrestrial,Bird,Insectivore - foliage gleaner,Regulidae,i.bird,t.fauna,Golden-Crowned Kinglet,SI0861,SP0603,3,9,311171,596588,Winter,6,12,2017,muscle,170918-554,1.076,45.6660168,11.2882434,-28.20662801,4.597748042,4.72030859
Terrestrial,Bird,Insectivore - foliage gleaner,Regulidae,i.bird,t.fauna,Golden-Crowned Kinglet,SI0885,SP0612,3,8,694323,5904597,Fall,10,10,2017,muscle,170918-580,1.106,45.3904739,12.2223213,-27.38138082,3.331951697,4.333258977
Terrestrial,Bird,Insectivore - foliage gleaner,Turdidae,i.bird,t.fauna,Hermit Thrush,SI0838,SP0569,8,8,694323,5904597,Summer,unk,8,2017,muscle,170918-562,0.768,46.5364169,13.4701907,-25.23201375,5.025943211,4.031093039
Terrestrial,Bird,Insectivore - foliage gleaner,Turdidae,i.bird,t.fauna,Hermit Thrush,SI0840,SP0570,11,unk,unk,unk,Summer,7,8,2017,muscle,150918-451,0.899,54.0546237,15.3104909,-26.34443128,5.799524306,4.119527035
Terrestrial,Bird,Insectivore - foliage gleaner,Turdidae,i.bird,t.fauna,Hermit Thrush,SI0867,SP0608,3,8,692448,5904299,Fall,5,10,2017,muscle,170918-573,0.75,45.5950123,12.7665166,-26.09744518,4.862774151,4.167240331
Terrestrial,Bird,Insectivore - ground,Turdidae,i.bird,t.fauna,American robin,SI0018,SP0061,7,9,687530,5988425,Summer,30,7,2016,muscle,100918-265,0.863,48.5277493,13.5926347,-24.59724041,6.8101,4.16572051
Terrestrial,Bird,Insectivore - ground,Turdidae,i.bird,t.fauna,Varied Thrush,SI0820,SP0520,3,8,694323,5904597,Spring,8,3,2017,muscle,170918-566,0.782,45.0192695,13.0365403,-22.96209395,1.688394256,4.029393828
Terrestrial,Bird,Insectivore - ground,Turdidae,i.bird,t.fauna,Varied Thrush,SI0856,SP0687,3,8,695342,5904684,Winter,18,2,unk,muscle,150918-454,1.005,48.9153739,14.5364937,-25.68972211,7.566382224,3.926352958
Terrestrial,Bird,Insectivore - ground,Turdidae,i.bird,t.fauna,Varied Thrush,SI0863,SP0546,9,9,311776,5903010,Summer,1,7,2017,muscle,170918-563,0.735,44.4470997,12.8722994,-24.21074586,3.362607702,4.028941109
Terrestrial,Bird,Insectivore - substrate gleaner,Troglodytidae,i.bird,t.fauna,Pacific Wren,SI0824,SP0523,3,8,694323,5904597,Spring,unk,5,2017,muscle,150918-485,0.685,45.4480959,13.3267967,-26.07588291,6.869215523,3.97917963
Terrestrial,Bird,Insectivore - substrate gleaner,Troglodytidae,i.bird,t.fauna,Pacific Wren,SI0832,SP0627,11,unk,unk,unk,Fall,unk,10,2017,muscle,150918-445,0.922,49.9191751,12.9701259,-27.12361359,6.115547674,4.490832253
Terrestrial,Bird,Insectivore - substrate gleaner,Troglodytidae,i.bird,t.fauna,Pacific Wren,SI0844,SP0524,3,8,694323,5904597,Spring,unk,5,2017,muscle,150918-456,0.874,47.9776698,13.4432302,-26.21113719,6.049470061,4.164272494
Terrestrial,Bird,Insectivore - substrate gleaner,Troglodytidae,i.bird,t.fauna,Pacific Wren,SI0865,SP0601,3,unk,unk,unk,Fall,10,10,2017,muscle,170918-579,0.936,46.1561876,12.1344421,-26.22093823,3.367552219,4.438270224
Terrestrial,Bird,Insectivore - substrate gleaner,Troglodytidae,i.bird,t.fauna,Pacific Wren,SI0903,SP0719,6,unk,unk,unk,Winter,18,2,unk,muscle,170918-551,0.992,43.6281719,11.4394409,-26.47478505,3.014513708,4.450059741
Terrestrial,Mammal,Granivore - small,Squirrel,squirrel,t.fauna,Red squirrel,SI0297,SP0315,5,9,306181,5938912,Fall,27,11,2016,muscle,100918-220,0.961,49.7096481,15.1627676,-22.09372221,0.887382507,3.825302945
Terrestrial,Mammal,Granivore - small,Squirrel,squirrel,t.fauna,Red squirrel,SI0298,SP0316,3,8,689370,5902685,Fall,6,11,2016,muscle,100918-219,0.89,52.5412614,15.2079742,-22.44263907,1.894086162,4.031185216
Terrestrial,Mammal,Granivore - small,Squirrel,squirrel,t.fauna,Red squirrel,SI0300,SP0317,3,8,691307,5903776,Fall,6,11,2016,muscle,110918-325,0.722,43.8936016,14.3379253,-20.44028753,4.622470627,3.57205822
Terrestrial,Mammal,Granivore - small,Squirrel,squirrel,t.fauna,Red squirrel,SI0302,SP0318,3,8,691307,5903776,Fall,6,11,2016,muscle,100918-222,0.799,50.0772103,13.8062136,-21.90946274,3.358652089,4.232229048
Terrestrial,Mammal,Granivore - small,Squirrel,squirrel,t.fauna,Red squirrel,SI0304,SP0319,3,8,691307,5903776,Fall,6,11,2016,muscle,090918-206,0.74,51.2355,10.1308952,-22.3355,2.51412859,5.057351694
Terrestrial,Mammal,Granivore - small,Squirrel,squirrel,t.fauna,Red squirrel,SI0306,SP0320,3,8,691307,5903776,Fall,6,11,2016,muscle,110918-329,1.073,45.5761497,14.6633031,-21.12537991,4.813328982,3.626681741
Terrestrial,Mammal,Granivore - small,Squirrel,squirrel,t.fauna,Red squirrel,SI0308,SP0321,3,8,691307,5903776,Fall,6,11,2016,muscle,110918-321,0.715,33.7972371,8.0567231,-21.57086062,4.50133,4.894703457
Terrestrial,Mammal,Granivore - small,Squirrel,squirrel,t.fauna,Red squirrel,SI0310,SP0322,3,8,691307,5903776,Fall,6,11,2016,muscle,140918-390,0.807,45.4557096,13.9248202,-20.88231423,5.960456919,3.80892543
Terrestrial,Mammal,Granivore - small,Squirrel,squirrel,t.fauna,Red squirrel,SI0312,SP0323,3,8,691307,5903776,Fall,6,11,2016,muscle,110918-334,0.881,33.6310996,12.2820742,-21.35472414,4.159663838,3.195015542
Terrestrial,Mammal,Granivore - small,Squirrel,squirrel,t.fauna,Red squirrel,SI0314,SP0324,3,8,691307,5903776,Fall,6,11,2016,muscle,110918-322,1.017,29.9938884,7.1161653,-20.76592766,5.218288,4.91802088
Terrestrial,Mammal,Granivore - small,Squirrel,squirrel,t.fauna,Red squirrel,SI0316,SP0325,3,8,691307,5903776,Fall,6,11,2016,muscle,110918-367,0.708,44.6785974,14.5574859,-20.74215943,6.017813316,3.581102711
Terrestrial,Mammal,Granivore - small,Squirrel,squirrel,t.fauna,Red Squirrel,SI0793,SP0564,3,8,694323,5904597,Summer,23,8,2017,muscle,170918-567,0.779,44.4398607,12.8233985,-23.55407649,2.884967363,4.043646434
Terrestrial,Mammal,Granivore - small,Squirrel,squirrel,t.fauna,Red Squirrel,SI0795,SP0555,3,8,692448,5904299,Fall,1,9,2017,muscle,170918-528,0.715,45.3336491,12.7263467,-23.36589661,2.848377937,4.156430786
Terrestrial,Mammal,Granivore - small,Squirrel,squirrel,t.fauna,Red Squirrel,SI0797,SP0611,5,9,305462,5920993,Fall,12,10,2017,muscle,150918-470,1.173,43.5988774,13.6867658,-23.39627982,6.027444189,3.716876198
Terrestrial,Mammal,Granivore - small,Squirrel,squirrel,t.fauna,Red Squirrel,SI0799,SP0518,5,8,698261,5944196,Winter,5,2,2017,muscle,170918-568,0.824,42.7280223,12.5692568,-23.19241828,-2.684536554,3.96649414
Terrestrial,Mammal,Granivore - small,Squirrel,squirrel,t.fauna,Red Squirrel,SI0801,SP0515,4,9,304812,5919114,Winter,29,1,2017,muscle,170918-570,1.043,46.2870854,13.329322,-21.9790501,3.869915144,4.051869041
Terrestrial,Mammal,Granivore - small,Squirrel,squirrel,t.fauna,Red Squirrel,SI0803,SP0710,5,9,304291,5935437,Winter,unk,1,2017,muscle,170918-571,1.041,46.6190697,12.9763082,-24.48909527,5.583684726,4.191949822
Terrestrial,Mammal,Herbivore - large,Deer,deer,t.fauna,Sitka black-tailed deer,SI0073,SP0114,11,unk,unk,unk,Winter,unk,12,2014,muscle,240918-840,0.719,51.4388894,13.2837349,-28.17918511,1.311622063,4.518299426
Terrestrial,Mammal,Herbivore - large,Deer,deer,t.fauna,Sitka black-tailed deer,SI0075,SP0106,5,9,306181,5938912,Fall,unk,unk,2015,muscle,240918-850,0.606,46.5850141,13.9567551,-26.44048142,3.415019582,3.894622764
Terrestrial,Mammal,Herbivore - large,Deer,deer,t.fauna,Sitka black-tailed deer,SI0317,SP0326,1,8,681074,5924234,Winter,28,2,2016,muscle,110918-339,0.817,50.4703902,13.416419,-27.80478555,2.382604439,4.389384989
Terrestrial,Mammal,Herbivore - large,Deer,deer,t.fauna,Sitka black-tailed deer,SI0318,SP0327,3,8,689370,5902685,Fall,unk,11,2016,muscle,110918-387,0.97,47.2706729,13.9456845,-27.3470772,7.371622063,3.955082741
Terrestrial,Mammal,Herbivore - large,Deer,deer,t.fauna,Sitka black-tailed deer,SI0319,SP0328,3,8,689370,5902685,Fall,unk,11,2016,muscle,110918-324,0.992,45.0564538,14.4408246,-27.29807202,5.101099869,3.640563738
Terrestrial,Mammal,Herbivore - large,Deer,deer,t.fauna,Sitka black-tailed deer,SI0320,SP0329,8,unk,unk,unk,Fall,21,10,2016,muscle,110918-341,0.845,45.4484388,14.3967892,-27.54701832,1.142519582,3.683468399
Terrestrial,Mammal,Herbivore - large,Deer,deer,t.fauna,Sitka black-tailed deer,SI0321,SP0330,8,unk,unk,unk,Fall,21,10,2016,muscle,110918-386,1.014,46.1868433,14.3823748,-28.53202238,3.740368799,3.74706566
Terrestrial,Mammal,Herbivore - large,Deer,deer,t.fauna,Sitka black-tailed deer,SI0322,SP0331,8,unk,unk,unk,Fall,21,10,2016,muscle,110918-333,0.916,45.6444323,14.8548518,-28.46145493,0.520499347,3.58528027
Terrestrial,Mammal,Herbivore - large,Deer,deer,t.fauna,Sitka black-tailed deer,SI0323,SP0332,8,unk,unk,unk,Fall,21,10,2016,muscle,110918-358,0.817,46.4962055,14.5412294,-27.71363593,4.968586815,3.730955
Terrestrial,Mammal,Herbivore - large,Deer,deer,t.fauna,Sitka black-tailed deer,SI0324,SP0333,8,unk,unk,unk,Fall,21,10,2016,muscle,110918-342,0.824,39.9546151,12.8274312,-28.43205182,2.79102154,3.634384586
Terrestrial,Mammal,Herbivore - large,Deer,deer,t.fauna,Sitka black-tailed deer,SI0325,SP0334,8,unk,unk,unk,Fall,21,10,2016,muscle,110918-355,1.002,46.4977778,14.5720458,-27.96062202,3.378430157,3.723190818
Terrestrial,Mammal,Herbivore - large,Deer,deer,t.fauna,Sitka black-tailed deer,SI0327,SP0335,9,unk,unk,unk,Fall,21,10,2016,muscle,110918-319,1.093,32.1507733,7.4559316,-27.33884627,2.629528,5.031449668
Terrestrial,Mammal,Herbivore - large,Deer,deer,t.fauna,Sitka black-tailed deer,SI0328,SP0336,9,unk,unk,unk,Fall,21,10,2016,muscle,140918-392,0.953,47.9981114,14.4369219,-27.44900797,3.077803525,3.879298218
Terrestrial,Mammal,Herbivore - large,Deer,deer,t.fauna,Sitka black-tailed deer,SI0329,SP0337,8,unk,unk,unk,Fall,21,10,2016,muscle,140918-393,0.8543,48.124432,14.123033,-27.2311,3.110442,3.73211
Terrestrial,Mammal,Herbivore - large,Deer,deer,t.fauna,Sitka black-tailed deer,SI0330,SP0338,8,unk,unk,unk,Fall,21,10,2016,muscle,110918-336,1.036,48.123145,13.94521,-26.43068039,3.7414,3.5256
Terrestrial,Mammal,Herbivore - large,Deer,deer,t.fauna,Sitka Black-tailed Deer,SI0815,SP0613,2,8,683908,5914907,Fall,10,11,2017,muscle,150918-447,0.989,47.5974466,14.9412948,-28.55358466,3.989572293,3.717055496
Terrestrial,Mammal,Herbivore - meso,Muskrat,muskrat,t.fauna,Muskrat,SI0295,SP0314,5,9,306181,5938912,Fall,25,9,2016,muscle,240918-856,0.823,44.6307106,14.8974175,-26.4071579,6.658622715,3.495637883
Terrestrial,Mammal,Herbivore - meso,Muskrat,muskrat,t.fauna,Muskrat,SI0816,SP0617,11,unk,unk,unk,Fall,16,11,2017,muscle,150918-455,1.016,42.8651729,14.9790734,-29.22593569,4.150456916,3.339052562
Terrestrial,Mammal,Insectivore - ground,Shrew,shrew,t.fauna,Dusky shrew,SI0046,SP0121,3,8,694323,5904589,Summer,25,7,2016,muscle,140918-395,1.063,44.7950022,12.1013205,-26.45420287,4.834095953,4.31917125
Terrestrial,Mammal,Insectivore - ground,Shrew,shrew,t.fauna,Dusky shrew,SI0047,SP0092,5,9,306181,5938912,Spring,7,5,2016,muscle,100918-254,0.785,45.4678975,10.9374217,-26.0421266,6.273988,4.850578528
Terrestrial,Mammal,Insectivore - ground,Shrew,shrew,t.fauna,Dusky shrew,SI0285,SP0308,5,9,306181,5938912,Spring,unk,May/June,2016,muscle,240918-852,0.604,49.702926,12.3320062,-26.91387143,4.344588773,4.702749507
Terrestrial,Mammal,Insectivore - ground,Shrew,shrew,t.fauna,Dusky Shrew,SI0626,SP0512,8,unk,unk,unk,Summer,22,7,unk,muscle,170918-519,0.962,37.5187618,10.522314,-25.8259565,4.702571802,4.160455339
Terrestrial,Mammal,Insectivore - ground,Shrew,shrew,t.fauna,Dusky Shrew,SI0627,SP0513,8,unk,unk,unk,Summer,22,7,unk,muscle,170918-524,0.861,41.3485221,11.6155734,-25.31728276,6.867281332,4.153583662
Terrestrial,Mammal,Insectivore - ground,Shrew,shrew,t.fauna,Dusky Shrew,SI0629,SP0514,8,unk,unk,unk,Summer,21,7,unk,muscle,170918-523,0.705,37.2296712,9.5473583,-25.45841767,4.703560705,4.549981218
Terrestrial,Mammal,Insectivore - ground,Shrew,shrew,t.fauna,Dusky Shrew,SI0775,SP0713,5,9,306181,5938912,Spring,13,4,2017,muscle,170918-526,0.941,51.4113468,11.1601848,-26.98443889,6.594343995,5.375157814
Terrestrial,Mammal,Insectivore - ground,Shrew,shrew,t.fauna,Dusky Shrew,SI0777,SP0618,3,8,694323,5904597,Spring,8,4,2017,muscle,170918-522,1.013,45.3728504,11.5439297,-23.66384809,4.207131201,4.586126339
Terrestrial,Mammal,Insectivore - ground,Shrew,shrew,t.fauna,Dusky Shrew,SI0779,SP0626,11,unk,unk,unk,Fall,unk,10,2017,muscle,150918-474,0.95,48.2255694,13.1615221,-27.83124835,6.745679115,4.275381477
Terrestrial,Mammal,Insectivore - ground,Shrew,shrew,t.fauna,Dusky Shrew,SI0781,SP0571,11,unk,unk,unk,Summer,unk,unk,2017,muscle,150918-449,0.864,45.5599025,13.0165824,-25.13988402,5.627147924,4.084034844
Terrestrial,Mammal,Insectivore - ground,Shrew,shrew,t.fauna,Dusky Shrew,SI0784,SP0517,3,8,694323,5904597,Spring,8,4,2017,muscle,150918-472,0.659,44.7119467,12.4399709,-23.07774617,3.417857292,4.193801195
Terrestrial,Mammal,Insectivore - ground,Shrew,shrew,t.fauna,Dusky Shrew,SI0786,SP0700,5,9,305436,5941282,Summer,12,6,2018,muscle,150918-492,1.047,45.4571718,12.896135,-25.88770303,4.323790945,4.112884046
Terrestrial,Mammal,Insectivore - ground,Shrew,shrew,t.fauna,Dusky Shrew,SI0789,SP0519,3,8,694323,5904597,Spring,unk,5,2017,muscle,170918-578,0.752,40.6745771,10.5736269,-23.93435666,5.086266319,4.488515084
Terrestrial,Mammal,Insectivore - ground,Shrew,shrew,t.fauna,Dusky shrew,SI0791,SP0563,3,9,300268,5905914,Summer,17/18,6,2017,muscle,170918-572,1.137,43.8603889,9.627917,-25.98473328,6.600277415,5.315495626
Terrestrial,Mammal,Omnivore - small,Mouse,k.mouse,t.fauna,Keen's mouse,SI0001,SP0051,2,8,683908,5914907,Spring,2,3,2016,muscle,110918-282,0.842,42.4759916,10.1733868,-27.38403181,4.972264,4.871711861
Terrestrial,Mammal,Omnivore - small,Mouse,k.mouse,t.fauna,Keen's mouse,SI0002,SP0052,2,8,683908,5914907,Spring,2,3,2016,muscle,100918-278,0.908,45.0702055,9.5655877,-28.15323667,4.146064,5.49770592
Terrestrial,Mammal,Omnivore - small,Mouse,k.mouse,t.fauna,Keen's mouse,SI0005,SP0054,3,8,691784,5904767,Spring,17,3,2016,muscle,140918-404,0.834,51.379988,11.0724862,-26.24348061,3.332940601,5.41442666
Terrestrial,Mammal,Omnivore - small,Mouse,k.mouse,t.fauna,Keen's mouse,SI0006,SP0055,2,8,683908,5914907,Spring,7,4,2016,muscle,150918-438,0.978,40.8797824,11.2025577,-30.01001853,9.187677864,4.257895619
Terrestrial,Mammal,Omnivore - small,Mouse,k.mouse,t.fauna,Keen's mouse,SI0007,SP0056,1,8,681036,5924188,Spring,7,4,2016,muscle,140918-405,0.979,45.8641622,14.0379001,-27.75480027,5.54412859,3.812193547
Terrestrial,Mammal,Omnivore - small,Mouse,k.mouse,t.fauna,Keen's mouse,SI0008,SP0057,3,8,689886,5902914,Spring,2,3,2016,muscle,100918-262,0.824,48.5340768,12.958964,-25.84772373,5.385364,4.369986691
Terrestrial,Mammal,Omnivore - small,Mouse,k.mouse,t.fauna,Keen's mouse,SI0009,SP0058,3,8,689886,5902914,Spring,2,3,2016,muscle,100918-253,0.994,43.6286412,12.3659604,-26.12934518,7.427914,4.116683327
Terrestrial,Mammal,Omnivore - small,Mouse,k.mouse,t.fauna,Keen's mouse,SI0010,SP0059,3,8,691784,5904767,Spring,3,3,2016,muscle,100918-258,1.095,50.9254951,12.320109,-27.0446149,4.910758,4.823078543
Terrestrial,Mammal,Omnivore - small,Mouse,k.mouse,t.fauna,Keen's mouse,SI0011,SP0060,2,8,683908,5914907,Winter,26,2,2016,muscle,140918-396,0.938,48.6751584,12.4613196,-31.25769034,6.345140339,4.557712888
Terrestrial,Mammal,Omnivore - small,Mouse,k.mouse,t.fauna,Keen's mouse,SI0048,SP0096,6,8,684480,5946714,Summer,unk,unk,2010,muscle,140918-426,0.74,45.2034461,11.7648765,-26.19937595,3.523798956,4.483196729
Terrestrial,Mammal,Omnivore - small,Mouse,k.mouse,t.fauna,Keen's mouse,SI0049,SP0097,6,8,684480,5946714,Summer,unk,unk,2010,muscle,140918-421,0.911,45.671638,13.1292057,-24.04314816,5.020998695,4.058931852
Terrestrial,Mammal,Omnivore - small,Mouse,k.mouse,t.fauna,Keen's mouse,SI0050,SP0098,6,8,684480,5946714,Summer,unk,unk,2010,muscle,140918-423,0.845,45.2355389,12.7861015,-25.08891864,3.81651436,4.128052819
Terrestrial,Mammal,Omnivore - small,Mouse,k.mouse,t.fauna,Keen's mouse,SI0051,SP0099,6,8,684480,5946714,Summer,unk,unk,2010,muscle,140918-427,0.906,46.8376957,12.3419778,-26.76881611,4.323821802,4.428069049
Terrestrial,Mammal,Omnivore - small,Mouse,k.mouse,t.fauna,Keen's mouse,SI0052,SP0100,6,8,684480,5946714,Summer,unk,unk,2010,muscle,140918-428,1.115,61.4734498,3.4719082,-30.09332733,4.221964752,20.65965081
Terrestrial,Mammal,Omnivore - small,Mouse,k.mouse,t.fauna,Keen's mouse,SI0053,SP0101,6,8,684480,5946714,Summer,unk,unk,2010,muscle,140918-400,0.883,42.5459708,11.4795449,-23.9716006,4.260531984,4.324514835
Terrestrial,Mammal,Omnivore - small,Mouse,k.mouse,t.fauna,Keen's mouse,SI0054,SP0304,1,8,681036,5924188,Spring,3,3,2016,muscle,100918-263,1.18,43.7252004,10.0655891,-27.67300904,5.312842,5.068695894
Terrestrial,Mammal,Omnivore - small,Mouse,k.mouse,t.fauna,Keen's mouse,SI0054,SP0304,1,8,681036,5924188,Spring,3,3,2016,muscle,110918-353,1.084,26.3887545,4.2819024,-17.48527535,7.892774151,7.190941464
Terrestrial,Mammal,Omnivore - small,Mouse,k.mouse,t.fauna,Keen's mouse,SI0055,SP0120,3,8,692054,5904293,Winter,20,2,2016,muscle,110918-369,0.8,33.2841653,8.7282095,-23.66580829,6.984960836,4.449550426
Terrestrial,Mammal,Omnivore - small,Mouse,k.mouse,t.fauna,Keen's mouse,SI0056,SP0130,1,8,681036,5924188,Fall,2,9,2016,muscle,110918-368,0.783,46.5016095,13.0305208,-28.87211831,2.795966057,4.163991513
Terrestrial,Mammal,Omnivore - small,Mouse,k.mouse,t.fauna,Keen's mouse,SI0057,SP0124,1,8,681036,5924188,Summer,31,8,2016,muscle,140918-434,0.874,46.7903885,13.680894,-27.16379784,3.86002611,3.990669831
Terrestrial,Mammal,Omnivore - small,Mouse,k.mouse,t.fauna,Keen's mouse,SI0058,SP0125,1,8,681036,5924188,Summer,31,8,2016,muscle,140918-418,0.717,44.7191393,13.2162392,-28.33502157,3.704768277,3.94810933
Terrestrial,Mammal,Omnivore - small,Mouse,k.mouse,t.fauna,Keen's mouse,SI0059,SP0131,3,8,691784,5904767,Fall,2,9,2016,muscle,150918-437,0.839,45.0171694,12.5269813,-24.81350954,2.75708116,4.19310154
Terrestrial,Mammal,Omnivore - small,Mouse,k.mouse,t.fauna,Keen's mouse,SI0060,SP0127,3,8,691784,5904767,Fall,1,9,2016,muscle,150918-438,0.8032134,45.02341,13.0343,-24.34014,3.178934,4.123434
Terrestrial,Mammal,Omnivore - small,Mouse,k.mouse,t.fauna,Keen's mouse,SI0061,SP0102,5,9,306181,5938912,Summer,unk,7,2015,muscle,150918-444,0.895,49.6570845,14.032246,-26.74921404,3.614174838,4.129121406
Terrestrial,Mammal,Omnivore - small,Mouse,k.mouse,t.fauna,Keen's mouse,SI0062,SP0091,5,9,306181,5938912,Spring,26,4,2016,muscle,140918-432,1.001,44.03328,12.7259441,-25.20653106,6.496442559,4.037333732
Terrestrial,Mammal,Omnivore - small,Mouse,k.mouse,t.fauna,Keen's mouse,SI0063,SP0094,3,8,691784,5904767,Winter,18,2,2016,muscle,140918-430,0.905,49.5066812,12.2658115,-25.94748934,6.682356397,4.709460425
Terrestrial,Mammal,Omnivore - small,Mouse,k.mouse,t.fauna,Keen's mouse,SI0064,SP0095,3,8,691784,5904767,Winter,18,2,2016,muscle,150918-439,0.879,49.7957955,14.2128958,-25.86810095,3.989572293,4.088026735
Terrestrial,Mammal,Omnivore - small,Mouse,k.mouse,t.fauna,Keen's mouse,SI0282,SP0307,5,9,306181,5938912,Fall,19,9,2016,muscle,100918-215,0.94,48.7048938,12.6878273,-27.09421049,4.586870104,4.47908152
Terrestrial,Mammal,Omnivore - small,Mouse,k.mouse,t.fauna,Keen's mouse,SI0635,SP0709,5,9,304291,5935437,Winter,unk,1,2017,muscle,150918-486,0.851,48.0220248,12.2427744,-25.55936834,2.79059879,4.576824353
Terrestrial,Mammal,Omnivore - small,Mouse,k.mouse,t.fauna,Keen's mouse,SI0637,SP0567,3,8,694323,5904597,Fall,6,9,2017,muscle,150918-475,0.791,18.1013863,4.8666157,-22.24367805,0.356261214,4.339986799
Terrestrial,Mammal,Omnivore - small,Mouse,k.mouse,t.fauna,Keen's mouse,SI0639,SP0698,8,8,694979,5951406,Spring,15,5,2018,muscle,150918-471,0.826,44.4077583,12.641913,-25.3270838,9.728748174,4.098733468
Terrestrial,Mammal,Omnivore - small,Mouse,k.mouse,t.fauna,Keen's mouse,SI0641,SP0720,5,9,305482,5940296,Spring,6,4,2018,muscle,150918-505,0.816,44.5170685,10.4248611,-25.64463735,7.027227206,4.982644533
Terrestrial,Mammal,Omnivore - small,Mouse,k.mouse,t.fauna,Keen's mouse,SI0643,SP0550,3,8,693482,5904680,Fall,16,9,2017,muscle,170918-544,0.958,44.3642722,10.7672558,-26.39049614,1.611259791,4.807640169
Terrestrial,Mammal,Omnivore - small,Mouse,k.mouse,t.fauna,Keen's mouse,SI0645,SP0560,5,9,305481,5940302,Summer,28,7,2017,muscle,170918-530,0.814,46.6753725,11.5966142,-23.92749594,3.736413185,4.696347323
Terrestrial,Mammal,Omnivore - small,Mouse,k.mouse,t.fauna,Keen's mouse,SI0647,SP0605,5,9,306181,5938912,Spring,15,5,2017,muscle,150918-514,0.866,48.5731664,12.5079704,-23.20613973,-1.343561444,4.531199619
Terrestrial,Mammal,Omnivore - small,Mouse,k.mouse,t.fauna,Keen's mouse,SI0651,SP0609,5,9,306181,5938912,Fall,1,11,2017,muscle,150918-490,1.056,47.6314539,11.6015745,-27.36471906,0.687606927,4.790496526
Terrestrial,Mammal,Omnivore - small,Mouse,k.mouse,t.fauna,Keen's mouse,SI0653,SP0566,3,8,694323,5904597,Fall,6,9,2017,muscle,150918-515,0.941,46.2586176,13.735764,-26.5727954,1.487241811,3.929555747
Terrestrial,Mammal,Omnivore - small,Mouse,k.mouse,t.fauna,Keen's Mouse,SI0655,SP0602,5,9,305481,5940302,Fall,13,9,2017,muscle,170918-536,1,67.6081557,19.147512,-25.57014948,5.255368799,4.11993499
Terrestrial,Mammal,Omnivore - small,Mouse,k.mouse,t.fauna,Keen's mouse,SI0657,SP0522,3,8,694323,5904597,Spring,unk,5,2017,muscle,150918-488,1.162,47.0751093,13.8173741,-24.18918359,1.574387649,3.975295761
Terrestrial,Mammal,Omnivore - small,Mouse,k.mouse,t.fauna,Keen's mouse,SI0659,SP0610,5,9,306181,5938912,Summer,5,8,2017,muscle,150918-465,0.994,45.7433541,12.69388,-26.67080576,1.614608805,4.204721562
Terrestrial,Mammal,Omnivore - small,Mouse,k.mouse,t.fauna,Keen's mouse,SI0661,SP0674,3,8,694323,5904597,Fall,15,10,2017,muscle,150918-499,0.849,46.3942208,13.0428994,-24.89877855,2.716860004,4.150432595
Terrestrial,Mammal,Omnivore - small,Mouse,k.mouse,t.fauna,Keen's mouse,SI0663,SP0663,3,8,694323,5904597,Fall,6,10,2017,muscle,150918-489,0.718,42.8719646,11.7931804,-23.76185844,2.419031922,4.241759763
Terrestrial,Mammal,Omnivore - small,Mouse,k.mouse,t.fauna,Keen's mouse,SI0665,SP0664,3,8,694323,5904597,Fall,6,10,2017,muscle,150918-501,1.092,49.3611813,13.679056,-23.44038448,0.909780931,4.210493893
Terrestrial,Mammal,Omnivore - small,Mouse,k.mouse,t.fauna,Keen's mouse,SI0667,SP0672,5,9,305462,5920993,Fall,15,10,2017,muscle,150918-508,0.845,44.7238544,13.0314329,-23.65502715,2.212180263,4.00452194
Terrestrial,Mammal,Omnivore - small,Mouse,k.mouse,t.fauna,Keen's mouse,SI0669,SP0573,11,unk,unk,unk,Summer,6,8,2017,muscle,150918-504,0.987,47.9257534,13.4501291,-22.89446681,-0.277700814,4.157632709
Terrestrial,Mammal,Omnivore - small,Mouse,k.mouse,t.fauna,Keen's mouse,SI0671,SP0596,5,9,306181,5938912,Fall,31,10,2017,muscle,150918-460,1.065,47.8766986,12.8051885,-26.90897092,4.423386188,4.362564331
Terrestrial,Mammal,Omnivore - small,Mouse,k.mouse,t.fauna,Keen's mouse,SI0675,SP0696,3,8,694323,5904597,Winter,8,12,2017,muscle,150918-464,1.035,42.833387,11.7189946,-26.60513882,5.574477363,4.264770717
Terrestrial,Mammal,Omnivore - small,Mouse,k.mouse,t.fauna,Keen's mouse,SI0677,SP0695,3,8,694323,5904597,Winter,8,12,2017,muscle,150918-516,1.073,43.3331489,12.1860649,-25.73186656,4.000106405,4.149161955
Terrestrial,Mammal,Omnivore - small,Mouse,k.mouse,t.fauna,Keen's mouse,SI0679,SP0694,3,8,694323,5904597,Winter,8,12,2017,muscle,180918-607,0.833,43.4253889,9.6599639,-27.92141788,4.369311358,5.245318182
Terrestrial,Mammal,Omnivore - small,Rat,rat,t.fauna,Black Rat,SI0683,SP0565,3,8,694323,5904597,Summer,24,8,2017,muscle,150918-506,0.935,42.2527094,13.4575648,-25.42313395,3.73100772,3.66346214
Terrestrial,Mammal,Omnivore - small,Rat,rat,t.fauna,Black rat,SI0685,SP0572,3,8,694323,5904597,Summer,21,8,2017,muscle,150918-507,0.794,43.9976438,13.6083386,-25.70540377,5.919230127,3.772488611
Terrestrial,Mammal,Omnivore - small,Rat,rat,t.fauna,Black Rat,SI0687,SP0614,3,8,693296,5904567,Winter,12,12,2017,muscle,170918-533,0.829,38.9162652,11.1289264,-25.40451198,7.823550914,4.080200537
Terrestrial,Mammal,Omnivore - small,Rat,rat,t.fauna,Black Rat,SI0691,SP0574,11,unk,unk,unk,Summer,17,8,2017,muscle,170918-534,1.033,42.4010411,12.8180952,-24.74098188,5.773554178,3.85972757
Terrestrial,Mammal,Omnivore - small,Rat,rat,t.fauna,Black Rat,SI0695,SP0686,3,8,694323,5904597,Fall,unk,9,2017,muscle,170918-537,0.88,41.9286588,13.2567988,-24.52045858,5.515450392,3.690421147
Terrestrial,Mammal,Omnivore - small,Rat,rat,t.fauna,Black Rat,SI0713,SP0621,5,9,305481,5940302,Fall,1,11,2017,muscle,150918-511,1.068,45.9251021,14.6623223,-25.89358365,6.968810766,3.654693774
Terrestrial,Mammal,Omnivore - small,Rat,rat,t.fauna,Black Rat,SI0717,SP0685,3,unk,unk,unk,Fall,unk,10,2017,muscle,170918-576,1.129,42.7342509,12.530406,-25.00168942,7.410189295,3.979372343
Terrestrial,Mammal,Omnivore - small,Rat,rat,t.fauna,Black Rat,SI0719,SP0684,5,9,306181,5938912,Fall,30,10,2017,muscle,180918-608,0.902,43.3836361,13.0547913,-25.76126967,4.543358355,3.877569939
Terrestrial,Mammal,Omnivore - small,Rat,rat,t.fauna,Black Rat,SI0733,SP0683,3,unk,unk,unk,Fall,2,10,2017,muscle,180918-610,1.095,43.892793,13.6842715,-25.54368668,5.446227154,3.742615048
Terrestrial,Mammal,Omnivore - small,Rat,rat,t.fauna,Black Rat,SI0735,SP0666,5,9,305462,5920993,Fall,2,11,2017,muscle,180918-594,0.804,43.0245198,12.4211048,-24.1391983,8.79564295,4.041656782
Terrestrial,Mammal,Omnivore - small,Rat,rat,t.fauna,Black Rat,SI0737,SP0665,5,9,305462,5920993,Fall,2,11,2017,muscle,170918-541,0.961,42.2142794,12.6619381,-24.41656761,8.285368799,3.890118392
Terrestrial,Mammal,Omnivore - small,Rat,rat,t.fauna,Black Rat,SI0739,SP0675,3,8,693839,5904315,Fall,26,10,2017,muscle,170918-543,1.008,42.2421661,12.5043665,-25.58877144,6.539954308,3.941741232
Terrestrial,Mammal,Omnivore - small,Rat,rat,t.fauna,Black Rat,SI0741,SP0671,3,8,694323,5904597,Fall,20,9,2017,muscle,180918-605,1.061,43.4878237,13.5301514,-25.51722389,5.402715405,3.750322736
Terrestrial,Mammal,Omnivore - small,Rat,rat,t.fauna,Black Rat,SI0745,SP0712,3,8,694323,5904597,Spring,25,3,2018,muscle,180918-611,0.945,43.6804079,13.5057156,-25.99747462,6.074180809,3.773746382
Terrestrial,Mammal,Omnivore - small,Rat,rat,t.fauna,Black Rat,SI0751,SP0669,3,8,693839,5904315,Fall,26,10,2017,muscle,180918-614,0.777,43.1486187,13.4739739,-24.41852781,8.473260444,3.736584606
Terrestrial,Mammal,Omnivore - small,Rat,rat,t.fauna,Black Rat,SI0755,SP0716,11,unk,unk,unk,Spring,unk,unk,unk,muscle,180918-602,0.843,44.0807721,13.1310285,-26.04844001,5.691475196,3.917004528
Terrestrial,Mammal,Omnivore - small,Rat,rat,t.fauna,Black Rat,SI0767,SP0706,11,unk,unk,unk,Fall,28,11,2017,muscle,150918-487,0.918,46.5884968,14.3905385,-25.32022307,5.423169205,3.777506992
Terrestrial,Mammal,Omnivore - small,Rat,rat,t.fauna,Black Rat,SI0769,SP0707,11,unk,unk,unk,Fall,28,11,2017,muscle,170918-546,0.904,45.2712926,13.1601549,-24.70667826,5.486772193,4.013890478
Terrestrial,Mammal,Omnivore - small,Rat,rat,t.fauna,Norway Rat,SI0681,SP0593,10,unk,unk,unk,Fall,12,11,2017,muscle,170918-540,0.956,41.2754563,12.4533908,-20.21290351,8.878710836,3.867300247
Terrestrial,Mammal,Omnivore - small,Rat,rat,t.fauna,Norway Rat,SI0689,SP0711,5,9,304291,5935437,Winter,unk,1,2017,muscle,150918-502,0.742,42.3044511,10.7015927,-25.91416582,6.216100563,4.612551958
Terrestrial,Mammal,Omnivore - small,Rat,rat,t.fauna,Norway Rat,SI0693,SP0589,10,unk,unk,unk,Fall,12,11,2017,muscle,150918-494,0.911,45.3433648,14.2569164,-18.94170922,10.47667014,3.711006939
Terrestrial,Mammal,Omnivore - small,Rat,rat,t.fauna,Norway Rat,SI0697,SP0588,10,unk,unk,unk,Fall,12,11,2017,muscle,150918-503,0.785,45.4915578,14.3586083,-17.6087684,11.60286251,3.696767057
Terrestrial,Mammal,Omnivore - small,Rat,rat,t.fauna,Norway Rat,SI0699,SP0592,10,unk,unk,unk,Fall,12,11,2017,muscle,170918-532,0.818,46.2041935,13.9921628,-19.30434753,10.71312663,3.853010292
Terrestrial,Mammal,Omnivore - small,Rat,rat,t.fauna,Norway Rat,SI0701,SP0586,10,unk,unk,unk,Fall,12,11,2017,muscle,170918-529,0.84,43.381494,13.1166612,-19.46900492,9.255483029,3.859089298
Terrestrial,Mammal,Omnivore - small,Rat,rat,t.fauna,Norway Rat,SI0703,SP0597,5,9,306181,5938912,Fall,29,10,2017,muscle,170918-539,0.879,42.7149277,13.2604379,-24.89093772,4.875629896,3.758594157
Terrestrial,Mammal,Omnivore - small,Rat,rat,t.fauna,Norway Rat,SI0705,SP0595,5,9,306181,5938912,Fall,2,11,2017,muscle,170918-538,0.928,43.1302367,12.8787025,-23.32277205,6.78520235,3.90762928
Terrestrial,Mammal,Omnivore - small,Rat,rat,t.fauna,Norway Rat,SI0707,SP0590,5,9,306181,5938912,Fall,2,11,2017,muscle,150918-498,0.885,45.9978562,15.0677416,-23.02776089,6.8337826,3.561992921
Terrestrial,Mammal,Omnivore - small,Rat,rat,t.fauna,Norway Rat,SI0709,SP0600,5,9,306181,5938912,Fall,2,11,2017,muscle,150918-500,1.093,50.3633627,16.1137057,-24.552802,7.190027123,3.646892124
Terrestrial,Mammal,Omnivore - small,Rat,rat,t.fauna,Norway Rat,SI0711,SP0624,9,9,311776,5903010,Fall,18,11,2017,muscle,150918-466,0.881,44.1306925,13.5572573,-25.53290554,6.839528479,3.798153641
Terrestrial,Mammal,Omnivore - small,Rat,rat,t.fauna,Norway Rat,SI0715,SP0623,5,9,304934,5936900,Fall,unk,unk,unk,muscle,150918-510,0.886,46.1899276,14.5600155,-25.32120318,6.367408721,3.70159644
Terrestrial,Mammal,Omnivore - small,Rat,rat,t.fauna,Norway Rat,SI0721,SP0616,9,9,311776,5903010,Fall,18,11,2017,muscle,180918-597,1.003,42.5618429,13.0072494,-22.0907819,8.588962141,3.818023363
Terrestrial,Mammal,Omnivore - small,Rat,rat,t.fauna,Norway Rat,SI0723,SP0594,10,unk,unk,unk,Fall,12,11,2017,muscle,170918-549,0.889,41.7058019,12.4654435,-17.90377957,11.33415796,3.903843204
Terrestrial,Mammal,Omnivore - small,Rat,rat,t.fauna,Norway Rat,SI0725,SP0591,10,unk,unk,unk,Fall,12,11,2017,muscle,170918-517,0.8,44.9987253,13.2459003,-18.2458357,11.06319843,3.963896939
Terrestrial,Mammal,Omnivore - small,Rat,rat,t.fauna,Norway Rat,SI0727,SP0598,5,9,306181,5938912,Fall,31,10,2017,muscle,170918-548,0.782,44.7973948,13.028427,-23.76871917,7.537757833,4.012032099
Terrestrial,Mammal,Omnivore - small,Rat,rat,t.fauna,Norway Rat,SI0729,SP0587,10,unk,unk,unk,Fall,12,11,2017,muscle,180918-598,0.989,44.3234982,13.287266,-17.97826743,11.48447128,3.892261628
Terrestrial,Mammal,Omnivore - small,Rat,rat,t.fauna,Norway Rat,SI0731,SP0688,3,8,694323,5904597,Spring,12,3,2018,muscle,180918-587,0.741,41.5884819,12.5457623,-24.75470333,8.07868799,3.867939188
Terrestrial,Mammal,Omnivore - small,Rat,rat,t.fauna,Norway Rat,SI0743,SP0699,5,9,305481,5940302,Winter,3,12,2017,muscle,180918-609,1.006,45.5172985,13.1030404,-25.20457086,5.493694517,4.053293226
Terrestrial,Mammal,Omnivore - small,Rat,rat,t.fauna,Norway Rat,SI0747,SP0689,3,8,694323,5904597,Spring,6,3,2018,muscle,180918-600,0.87,42.0609041,13.2339694,-26.19741574,6.041546997,3.708447218
Terrestrial,Mammal,Omnivore - small,Rat,rat,t.fauna,Norway Rat,SI0749,SP0667,5,9,306181,5938912,Fall,20,9,2017,muscle,170918-582,0.985,43.8512638,12.8798022,-23.89319232,7.585225196,3.972615617
Terrestrial,Mammal,Omnivore - small,Rat,rat,t.fauna,Norway Rat,SI0753,SP0718,5,9,305960,5938748,Fall,21,11,2017,muscle,180918-604,1.003,44.7259446,13.8029305,-25.31042204,5.079343995,3.78087087
Terrestrial,Mammal,Omnivore - small,Rat,rat,t.fauna,Norway Rat,SI0757,SP0629,10,unk,unk,unk,Fall,12,11,2017,muscle,170918-542,1.053,43.8903953,13.2548488,-22.07804055,9.883436684,3.863654993
Terrestrial,Mammal,Omnivore - small,Rat,rat,t.fauna,Norway Rat,SI0759,SP0889,10,unk,unk,unk,Fall,12,11,2017,muscle,180918-601,1.028,42.8546665,13.5038226,-17.66169399,11.57050587,3.702925892
Terrestrial,Mammal,Omnivore - small,Rat,rat,t.fauna,Norway Rat,SI0761,SP0628,10,unk,unk,unk,Fall,12,11,2017,muscle,170918-545,0.861,45.1276516,11.8810717,-21.95454751,9.014190601,4.431908053
Terrestrial,Mammal,Omnivore - small,Rat,rat,t.fauna,Norway Rat,SI0763,SP0631,10,9,326227,5816182,Fall,12,11,2017,muscle,180918-603,1.078,41.4693421,12.844575,-18.92210715,10.76949413,3.767133674
Terrestrial,Mammal,Omnivore - small,Rat,rat,t.fauna,Norway Rat,SI0765,SP0632,10,unk,unk,unk,Fall,12,11,2017,muscle,180918-599,0.981,45.1599902,13.8010789,-18.33894554,11.52204961,3.818074734
Terrestrial,Mammal,Omnivore - small,Rat,rat,t.fauna,Norway Rat,SI0771,SP0715,11,unk,unk,unk,Spring,unk,unk,unk,muscle,170918-561,1.116,43.9812582,13.5573601,-24.36560222,6.013857702,3.785263721
Terrestrial,Mammal,Omnivore - small,Rat,rat,t.fauna,Norway Rat,SI0773,SP0714,11,unk,unk,unk,Spring,unk,unk,unk,muscle,150918-473,0.694,46.1825292,14.6332206,-23.40608085,7.558721052,3.682488662
Terrestrial,Mammal,Omnivore - small,Rat,rat,t.fauna,Rat,SI0065,SP0117,3,8,694323,5904589,Spring,10,5,2016,muscle,150918-436,0.938,45.1150775,13.2148734,-25.3280639,8.452205299,3.983477106
Terrestrial,Mammal,Omnivore - small,Rat,rat,t.fauna,Rat,SI0066,SP0118,3,8,694323,5904589,Spring,10,5,2016,muscle,240918-847,1.105,48.1442398,14.2097561,-25.1624264,6.383707572,3.95331422
Terrestrial,Mammal,Omnivore - small,Rat,rat,t.fauna,Rat,SI0067,SP0119,3,8,694323,5904589,Summer,26,7,2016,muscle,240918-845,0.859,45.6361034,14.0410626,-24.67237463,6.749601828,3.792383117
Terrestrial,Vascular plant,Berry,Salal berry,berry,berry,Salal,SI0097,SP0236,2,8,680961,5915018,Fall,3,9,2016,berry,060918-2,1.907,44.132379,0.5764649,-31.16066009,-3.472692559,89.32809962
Terrestrial,Vascular plant,Berry,Salal berry,berry,berry,Salal,SI0354,SP0236,2,8,680961,5915018,Fall,3,9,2016,berry,070918-56,1.68,19.2128942,0.2805429,-38.28993326,-3.641795039,79.90926459
Terrestrial,Vascular plant,Berry,Salal berry,berry,berry,Salal,SI0355,SP0236,2,8,680961,5915018,Fall,3,9,2016,berry,070918-57,1.021,20.2578847,0.2432,-32.51124277,-3.852431462,96.21
Terrestrial,Vascular plant,Berry,Salal berry,berry,berry,Salal,SI0426,SP0366,3,8,691784,5904767,Winter,18,2,2016,berry,080918-105,1.78,42.2467984,0.6980819,-28.13508045,-1.474118799,70.61403838
Terrestrial,Vascular plant,Berry,Salal berry,berry,berry,Salal,SI0427,SP0366,3,8,691784,5904767,Winter,18,2,2016,berry,080918-106,1.754,39.616289,0.9269516,-30.26876586,0.137793734,49.86781704
Terrestrial,Vascular plant,Berry,Salal berry,berry,berry,Salal,SI0428,SP0366,3,8,691784,5904767,Winter,18,2,2016,berry,080918-107,1.71,47.3527169,1.5638675,-29.98747614,1.212731723,35.33040146
Terrestrial,Vascular plant,Berry,Salal berry,berry,berry,Salal,SI0429,SP0366,3,8,691784,5904767,Winter,18,2,2016,berry,080918-108,1.661,37.6961149,1.5901836,-29.3670706,-0.550483029,27.66004912
Terrestrial,Vascular plant,Berry,Salal berry,berry,berry,Salal,SI0430,SP0366,3,8,691784,5904767,Winter,18,2,2016,berry,080918-109,1.314,41.9541098,0.9339947,-27.99394554,-2.539167755,52.41236096
Terrestrial,Vascular plant,Berry,Salal berry,berry,berry,Salal,SI0431,SP0366,3,8,691784,5904767,Winter,18,2,2016,berry,080918-110,1.501,41.1707246,1.5325296,-29.52290707,1.616204308,31.34608189
Terrestrial,Vascular plant,Berry,Salal berry,berry,berry,Salal,SI0432,SP0366,3,8,691784,5904767,Winter,18,2,2016,berry,080918-111,1.432,39.917995,1.5844665,-29.65914146,-1.673877285,29.39607066
Terrestrial,Vascular plant,Berry,Salal berry,berry,berry,Salal,SI0433,SP0366,3,8,691784,5904767,Winter,18,2,2016,berry,080918-112,1.78,36.7570344,0.6416713,-27.03932469,-2.838805483,66.83923558
Terrestrial,Vascular plant,Berry,Salal berry,berry,berry,Salal,SI0497,SP0419,4,9,305658,5927558,Fall,1,9,2016,berry,080918-128,1.302,36.3913176,,-30.08254619,,
Terrestrial,Vascular plant,Berry,Salal berry,berry,berry,Salal,SI0498,SP0419,4,9,305658,5927558,Fall,1,9,2016,berry,080918-129,2.221,31.9829002,,-32.43283448,,
Terrestrial,Vascular plant,Berry,Salal berry,berry,berry,Salal,SI0499,SP0419,4,9,305658,5927558,Fall,1,9,2016,berry,080918-130,2.106,32.9292916,,-31.07931149,,
Terrestrial,Vascular plant,Berry,Salal berry,berry,berry,Salal,SI0500,SP0419,4,9,305658,5927558,Fall,1,9,2016,berry,080918-131,1.408,35.3229929,,-30.16487489,,
Terrestrial,Vascular plant,Berry,Salal berry,berry,berry,Salal,SI0501,SP0419,4,9,305658,5927558,Fall,1,9,2016,berry,080918-132,1.839,34.8262204,,-31.00972414,,
Terrestrial,Vascular plant,Berry,Salal berry,berry,berry,Salal,SI0515,SP0433,5,9,306181,5938912,Spring,unk,3,2016,berry,080918-134,1.269,42.944117,0.7530758,-30.3344328,3.200427546,66.53782649
Terrestrial,Vascular plant,Berry,Salal berry,berry,berry,Salal,SI0516,SP0434,5,9,306181,5938912,Spring,unk,3,2016,berry,080918-135,1.66,38.6463637,0.7627928,-30.54907547,-0.586083551,59.11608654
Terrestrial,Vascular plant,Berry,Salal berry,berry,berry,Salal,SI0517,SP0435,5,9,306181,5938912,Spring,unk,3,2016,berry,080918-136,1.516,39.2087722,1.6505352,-29.78851513,-3.629928198,27.71801189
Terrestrial,Vascular plant,Berry,Salal berry,berry,berry,Salal,SI0518,SP0436,5,9,306181,5938912,Spring,unk,3,2016,berry,080918-137,1.389,40.3632992,0.5522357,-30.53829434,-0.511915796,85.2836547
Terrestrial,Vascular plant,Berry,Salal berry,berry,berry,Salal,SI0519,SP0437,5,9,306181,5938912,Spring,unk,3,2016,berry,080918-138,1.354,41.0277936,0.9167768,-30.5833791,-2.84671671,52.21775211
Terrestrial,Vascular plant,Berry,Salal berry,berry,berry,Salal,SI0520,SP0438,5,9,306181,5938912,Fall,1,9,2016,berry,080918-139,1.648,33.945222,0.108297,-27.29807202,4.870685379,65.73443449
Terrestrial,Vascular plant,Berry,Salal berry,berry,berry,Salal,SI0521,SP0439,5,9,306181,5938912,Fall,1,9,2016,berry,080918-140,1.297,31.1362112,0.376154,-25.33982514,0.929696475,82.77516974
Terrestrial,Vascular plant,Berry,Salal berry,berry,berry,Salal,SI0522,SP0440,5,9,306181,5938912,Fall,1,9,2016,berry,080918-141,1.338,35.6840931,0.5916477,-26.44636204,2.534895561,70.37446526
Terrestrial,Vascular plant,Berry,Salal berry,berry,berry,Salal,SI0523,SP0441,5,9,306181,5938912,Fall,1,9,2016,berry,080918-142,2.057,31.9716221,,-28.13508045,,
Terrestrial,Vascular plant,Berry,Salal berry,berry,berry,Salal,SI0524,SP0442,5,9,306181,5938912,Fall,1,9,2016,berry,080918-143,1.383,33.0187027,,-26.65022358,,
Terrestrial,Vascular plant,Berry,Salal berry,berry,berry,Salal,SI0586,SP0493,6,8,690362,5959669,Winter,16,2,2016,berry,080918-163,1.285,56.5491706,1.7727891,-31.96042458,-5.922206266,37.21969341
Terrestrial,Vascular plant,Berry,Salal berry,berry,berry,Salal,SI0587,SP0494,6,8,690362,5959669,Winter,16,2,2016,berry,080918-164,1.268,49.8211235,1.3553548,-29.10244265,-5.835182768,42.89079967
Terrestrial,Vascular plant,Berry,Salal berry,berry,berry,Salal,SI0588,SP0495,6,8,690362,5959669,Winter,16,2,2016,berry,080918-165,1.306,49.5290075,1.8559982,-29.88750558,-7.529174282,31.13764044
Terrestrial,Vascular plant,Berry,Salal berry,berry,berry,Salal,SI0589,SP0496,6,8,690362,5959669,Winter,16,2,2016,berry,080918-166,1.331,51.1186148,1.9073672,-29.83163968,-5.488077676,31.27147681
Terrestrial,Vascular plant,Berry,Salal berry,berry,berry,Salal,SI0590,SP0497,6,8,690362,5959669,Winter,16,2,2016,berry,080918-167,1.22,38.6149141,0.8340114,-28.82409324,-9.55642624,54.02399677
Terrestrial,Vascular plant,Berry,Salal berry,berry,berry,Salal,SI0601,SP0500,7,9,315953,5995090,Winter,16,2,2016,berry,080918-172,1.366,36.6463637,1.0250326,-29.43566,3.099559399,35.75141288
Terrestrial,Vascular plant,Berry,Salal berry,berry,berry,Salal,SI0602,SP0500,7,9,315953,5995090,Winter,16,2,2016,berry,080918-173,1.196,37.2087722,1.3150431,-30.6543,-0.62366188,28.29471688
Terrestrial,Vascular plant,Berry,Salal berry,berry,berry,Salal,SI0603,SP0500,7,9,315953,5995090,Winter,16,2,2016,berry,080918-174,1.505,41.3632992,0.8184749,-28.43636,0.632245431,50.53704054
Terrestrial,Vascular plant,Berry,Salal berry,berry,berry,Salal,SI0604,SP0500,7,9,315953,5995090,Winter,16,2,2016,berry,080918-175,1.474,40.0277936,1.4405326,-27.3456345,-2.892206266,27.78680163
Terrestrial,Vascular plant,Berry,Salal berry,berry,berry,Salal,SI0605,SP0500,7,9,315953,5995090,Winter,16,2,2016,berry,080918-176,1.218,35.945222,,-26.35,,
Terrestrial,Vascular plant,Berry,Shrub berry,berry,berry,Oval leaf blueberry,SI0098,SP0237,2,8,680961,5915018,Fall,3,9,2016,berry,060918-3,2.655,44.6795137,0.8549382,-35.50447899,-1.265460183,60.97858462
Terrestrial,Vascular plant,Berry,Shrub berry,berry,berry,Oval leaf blueberry,SI0356,SP0237,2,8,680961,5915018,Fall,3,9,2016,berry,070918-58,1.678,19.0389312,0.245758,-39.08675744,-2.013071149,90.3937753
Terrestrial,Vascular plant,Berry,Shrub berry,berry,berry,Oval leaf blueberry,SI0357,SP0237,2,8,680961,5915018,Fall,3,9,2016,berry,070918-59,1.889,18.7400271,0.5263644,-42.96600726,-0.341824413,41.54199323
Terrestrial,Vascular plant,Berry,Shrub berry,berry,berry,Oval leaf blueberry,SI0358,SP0237,2,8,680961,5915018,Fall,3,9,2016,berry,070918-60,1.979,18.8403686,0.4754396,-43.09930134,0.787503264,46.23785386
Terrestrial,Vascular plant,Berry,Shrub berry,berry,berry,Oval leaf blueberry,SI0359,SP0237,2,8,680961,5915018,Fall,3,9,2016,berry,070918-61,1.788,18.9566042,0.3466233,-38.4967351,-0.316112924,63.81259625
Terrestrial,Vascular plant,Berry,Shrub berry,berry,berry,Red huckleberry,SI0096,SP0235,2,8,680961,5915018,Fall,3,9,2016,berry,060918-1,2.138,42.2492004,1.1846695,-31.61,-4.776067232,41.61260569
Terrestrial,Vascular plant,Berry,Shrub berry,berry,berry,Red huckleberry,SI0167,SP0192,3,8,689886,5902914,Fall,1,9,2016,berry,060918-5,1.144,39.6742404,0.2238661,-27.64894909,-1.202284595,177.2230829
Terrestrial,Vascular plant,Berry,Shrub berry,berry,berry,Red huckleberry,SI0350,SP0192,3,8,689886,5902914,Fall,1,9,2016,berry,070918-52,1.468,18.537597,0.192,-34.51457441,-0.24787859,102.11
Terrestrial,Vascular plant,Berry,Shrub berry,berry,berry,Red huckleberry,SI0351,SP0192,3,8,689886,5902914,Fall,1,9,2016,berry,070918-53,1.092,18.6418708,0.21,-33.47468455,0.920016319,98.221
Terrestrial,Vascular plant,Berry,Shrub berry,berry,berry,Red huckleberry,SI0352,SP0192,3,8,689886,5902914,Fall,1,9,2016,berry,070918-54,1.212,20.3188804,0.233444,-36.17584991,0.396886423,101.55953
Terrestrial,Vascular plant,Berry,Shrub berry,berry,berry,Red huckleberry,SI0353,SP0192,3,8,689886,5902914,Fall,1,9,2016,berry,070918-55,1.119,19.9886662,0.243,-35.11047736,-0.62366188,97.12
Terrestrial,Vascular plant,Berry,Shrub berry,berry,berry,Red huckleberry,SI0360,SP0235,2,8,680961,5915018,Fall,3,9,2016,berry,070918-62,2.116,19.2213445,1.1711182,-43.74714978,-4.707832898,19.15078837
Terrestrial,Vascular plant,Berry,Shrub berry,berry,berry,Red huckleberry,SI0361,SP0235,2,8,680961,5915018,Fall,3,9,2016,berry,070918-63,2.053,18.3450569,0.3036615,-43.17574942,-2.24502611,70.49088365
Terrestrial,Vascular plant,Berry,Shrub berry,berry,berry,Red huckleberry,SI0362,SP0235,2,8,680961,5915018,Fall,3,9,2016,berry,070918-64,2.063,19.6278389,1.0434277,-43.71970688,-2.798260444,21.94894992
Terrestrial,Vascular plant,Berry,Shrub berry,berry,berry,Red huckleberry,SI0363,SP0235,2,8,680961,5915018,Fall,3,9,2016,berry,070918-65,2.199,18.7587497,0.7080786,-44.14115141,-4.557519582,30.91192451
Terrestrial,Vascular plant,Berry,Shrub berry,berry,berry,Red huckleberry,SI0451,SP0380,2,8,683908,5914907,Summer,31,8,2016,berry,080918-118,1.245,38.2716429,0.903765,-33.6001378,-2.876383812,49.41117846
Terrestrial,Vascular plant,Berry,Shrub berry,berry,berry,Red huckleberry,SI0452,SP0380,2,8,683908,5914907,Summer,31,8,2016,berry,080918-119,1.524,37.859453,0.2928298,-34.34991701,-3.87517624,150.856035
Terrestrial,Vascular plant,Berry,Shrub berry,berry,berry,Red huckleberry,SI0453,SP0380,2,8,683908,5914907,Summer,31,8,2016,berry,080918-120,1.297,38.8519038,0.8596273,-33.00325475,-1.529497389,52.73582324
Terrestrial,Vascular plant,Berry,Shrub berry,berry,berry,Red huckleberry,SI0454,SP0380,2,8,683908,5914907,Summer,31,8,2016,berry,080918-121,1.366,36.5127283,0.6067058,-32.9895333,-1.66102154,70.22144522
Terrestrial,Vascular plant,Berry,Shrub berry,berry,berry,Red huckleberry,SI0455,SP0380,2,8,683908,5914907,Summer,31,8,2016,berry,080918-122,1.356,42.4993873,1.7657958,-33.86378566,-1.327761097,28.08314964
Terrestrial,Vascular plant,Berry,Shrub berry,berry,berry,Red huckleberry,SI0456,SP0381,2,8,683908,5914907,Fall,1,9,2016,berry,080918-123,1.804,39.1699497,1.2221793,-35.30159755,1.018906658,37.3957041
Terrestrial,Vascular plant,Berry,Shrub berry,berry,berry,Red huckleberry,SI0457,SP0381,2,8,683908,5914907,Fall,1,9,2016,berry,080918-124,1.711,37.5393902,0.7588463,-36.27288016,1.279977154,57.72142142
Terrestrial,Vascular plant,Berry,Shrub berry,berry,berry,Red huckleberry,SI0458,SP0381,2,8,683908,5914907,Fall,1,9,2016,berry,080918-125,1.624,34.1810851,0.2501876,-33.91181073,4.171530679,159.4129832
Terrestrial,Vascular plant,Berry,Shrub berry,berry,berry,Red huckleberry,SI0459,SP0381,2,8,683908,5914907,Fall,1,9,2016,berry,080918-126,1.201,37.1190241,0.217397,-32.06921607,6.54281658,199.2262808
Terrestrial,Vascular plant,Berry,Shrub berry,berry,berry,Red huckleberry,SI0460,SP0381,2,8,683908,5914907,Fall,1,9,2016,berry,080918-127,1.474,36.2971763,0.6210555,-32.50340194,6.62796671,68.19398243
Terrestrial,Vascular plant,Berry,Shrub berry,berry,berry,Red huckleberry,SI0565,SP0483,1,8,681036,5924188,Summer,31,8,2016,berry,080918-144,1.764,33.2903766,0.7927349,-33.99217922,-0.858031984,48.99980531
Terrestrial,Vascular plant,Berry,Shrub berry,berry,berry,Red huckleberry,SI0566,SP0484,1,8,681036,5924188,Summer,31,8,2016,berry,080918-145,1.47,32.6960641,0.7095915,-33.42469927,-1.232826371,53.76389153
Terrestrial,Vascular plant,Berry,Shrub berry,berry,berry,Red huckleberry,SI0567,SP0485,1,8,681036,5924188,Summer,31,8,2016,berry,080918-146,1.382,34.9454175,1.0708722,-34.4577284,-0.212278068,38.07642921
Terrestrial,Vascular plant,Berry,Shrub berry,berry,berry,Red huckleberry,SI0568,SP0486,1,8,681036,5924188,Summer,31,8,2016,berry,080918-147,1.437,34.8379505,0.6235754,-34.22348366,-2.253374674,65.18793869
Terrestrial,Vascular plant,Berry,Shrub berry,berry,berry,Red huckleberry,SI0569,SP0487,1,8,681036,5924188,Summer,31,8,2016,berry,080918-148,1.65,31.2729434,0.7519392,-34.91445665,-2.747826371,48.52769434
Terrestrial,Invertebrate,Beetle,Carabid beetle,beetle,t.fauna,Carabid beetle,SI0102,SP0136,1,8,681036,5924188,Spring,7,4,2016,whole organism,090918-194,1.386,52.12578,6.5725495,-28.9355,0.010225196,7.930831103
Terrestrial,Invertebrate,Beetle,Carabid beetle,beetle,t.fauna,Carabid beetle,SI0103,SP0136,1,8,681036,5924188,Spring,7,4,2016,whole organism,240918-849,1.469,54.92,8.05,-29.45,-0.93,7.96
Terrestrial,Invertebrate,Beetle,Carabid beetle,beetle,t.fauna,Carabid beetle,SI0104,SP0136,1,8,681036,5924188,Spring,7,4,2016,whole organism,240918-842,1.308,54.4701399,10.7497058,-29.13576617,3.852114883,5.912423531
Terrestrial,Invertebrate,Beetle,Carabid beetle,beetle,t.fauna,Carabid beetle,SI0108,SP0189,3,8,691784,5904767,Fall,1,9,2016,whole organism,110918-289,1.061,45.6463597,6.9107124,-27.52063923,4.20298,7.707028294
Terrestrial,Invertebrate,Beetle,Carabid beetle,beetle,t.fauna,Carabid beetle,SI0109,SP0189,3,8,691784,5904767,Fall,1,9,2016,whole organism,240918-841,1.05,49.1246105,10.7533077,-26.89230916,7.068028721,5.330410694
Terrestrial,Invertebrate,Beetle,Carabid beetle,beetle,t.fauna,Carabid beetle,SI0123,SP0186,3,8,691784,5904767,Fall,2,9,2016,whole organism,110918-294,1.006,44.8564024,5.6103963,-29.67062987,4.6069,9.328987782
Terrestrial,Invertebrate,Beetle,Carabid beetle,beetle,t.fauna,Carabid beetle,SI0124,SP0186,3,8,691784,5904767,Fall,2,9,2016,whole organism,110918-296,1.2,38.9552111,5.9751919,-26.96159963,5.068654,7.607068537
Terrestrial,Invertebrate,Beetle,Carabid beetle,beetle,t.fauna,Carabid beetle,SI0125,SP0186,3,8,691784,5904767,Fall,2,9,2016,whole organism,110918-297,1.331,41.6761019,5.3689088,-27.13603679,5.429428,9.057423802
Terrestrial,Invertebrate,Beetle,Carabid beetle,beetle,t.fauna,Carabid beetle,SI0176,SP0179,3,8,691784,5904767,Summer,31,8,2016,whole organism,110918-298,0.998,41.6426376,5.7505455,-28.92559401,4.283764,8.449535016
Terrestrial,Invertebrate,Beetle,Carabid beetle,beetle,t.fauna,Carabid beetle,SI0177,SP0179,3,8,691784,5904767,Summer,31,8,2016,whole organism,110918-381,1.154,32.0217597,5.2118509,-25.86418054,5.838821802,7.168971202
Terrestrial,Invertebrate,Beetle,Carabid beetle,beetle,t.fauna,Carabid beetle,SI0178,SP0179,3,8,691784,5904767,Summer,31,8,2016,whole organism,110918-313,0.912,39.8575607,4.6934559,-27.66250078,4.53805,9.908812243
Terrestrial,Invertebrate,Beetle,Carabid beetle,beetle,t.fauna,Carabid beetle,SI0179,SP0179,3,8,691784,5904767,Summer,31,8,2016,whole organism,110918-380,1.054,43.3212035,10.3735876,-25.67894097,4.470179504,4.872761545
Terrestrial,Invertebrate,Beetle,Carabid beetle,beetle,t.fauna,Carabid beetle,SI0180,SP0179,3,8,691784,5904767,Summer,31,8,2016,whole organism,110918-315,1.166,28.0392905,4.5229424,-26.25229186,5.16229,7.233518354
Terrestrial,Invertebrate,Beetle,Carabid beetle,beetle,t.fauna,Carabid beetle,SI0443,SP0372,1,8,681036,5924188,Spring,3,3,2016,whole organism,110918-356,0.92,50.141494,10.2397347,-28.39578799,2.78508812,5.713631009
Terrestrial,Invertebrate,Beetle,Carabid beetle,beetle,t.fauna,Carabid beetle,SI0444,SP0373,1,8,681036,5924188,Summer,31,8,2016,whole organism,110918-326,0.89,52.8817679,5.1558178,-28.15860293,2.303492167,11.96773678
Terrestrial,Invertebrate,Beetle,Carabid beetle,beetle,t.fauna,Carabid beetle,SI0445,SP0374,1,8,681036,5924188,Fall,2,9,2016,whole organism,110918-314,1.162,32.7598435,4.3139989,-28.08598379,5.38261,8.860646551
Terrestrial,Invertebrate,Beetle,Carabid beetle,beetle,t.fauna,Carabid beetle,SI0446,SP0375,1,8,681036,5924188,Fall,2,9,2016,whole organism,110918-383,0.961,51.7946159,10.7527392,-29.78361461,3.607855744,5.620424639
Terrestrial,Invertebrate,Beetle,Carabid beetle,beetle,t.fauna,Carabid beetle,SI0450,SP0379,2,8,683908,5914907,Winter,18,2,2016,whole organism,110918-327,1.039,54.5480429,8.125485,-28.092936,4.260531984,7.833097009
Terrestrial,Invertebrate,Beetle,Carabid beetle,beetle,t.fauna,Carabid beetle,SI0461,SP0382,2,8,683908,5914907,Spring,7,4,2016,whole organism,110918-385,0.898,49.1348505,10.7955712,-26.97267765,6.542712141,5.310649481
Terrestrial,Invertebrate,Beetle,Carabid beetle,beetle,t.fauna,Carabid beetle,SI0462,SP0383,2,8,683908,5914907,Spring,7,4,2016,whole organism,140918-403,1.009,51.6241174,11.4715048,-29.50134479,2.562584856,5.250925701
Terrestrial,Invertebrate,Beetle,Carabid beetle,beetle,t.fauna,Carabid beetle,SI0463,SP0384,2,8,683908,5914907,Summer,31,8,2016,whole organism,110918-374,1.055,49.6770419,8.1746946,-30.79018095,3.778936031,7.090678838
Terrestrial,Invertebrate,Beetle,Carabid beetle,beetle,t.fauna,Carabid beetle,SI0464,SP0385,2,8,683908,5914907,Summer,31,8,2016,whole organism,140918-414,0.935,48.125548,9.7948767,-26.98149858,3.206360966,5.732978843
Terrestrial,Invertebrate,Beetle,Carabid beetle,beetle,t.fauna,Carabid beetle,SI0465,SP0386,2,8,683908,5914907,Fall,1,9,2016,whole organism,140918-401,1.14,48.8392665,11.2476964,-30.24132296,3.182627285,5.066513127
Terrestrial,Invertebrate,Beetle,Carabid beetle,beetle,t.fauna,Carabid beetle,SI0466,SP0387,2,8,683908,5914907,Fall,1,9,2016,whole organism,110918-372,0.903,48.0083656,8.588199,-27.05598645,3.939138381,6.522565465
Terrestrial,Invertebrate,Beetle,Carabid beetle,beetle,t.fauna,Carabid beetle,SI0470,SP0391,2,8,683908,5914907,Fall,2,9,2016,whole organism,140918-415,10.72,5.040707,0.9358368,-29.71794767,4.13691906,6.28485062
Terrestrial,Invertebrate,Beetle,Carabid beetle,beetle,t.fauna,Carabid beetle,SI0471,SP0392,2,8,683908,5914907,Fall,2,9,2016,whole organism,110918-350,0.928,52.8699847,8.5131262,-28.58886839,4.065718016,7.246423936
Terrestrial,Invertebrate,Beetle,Carabid beetle,beetle,t.fauna,Carabid beetle,SI0477,SP0398,3,8,691784,5904767,Winter,17,2,2016,whole organism,150918-442,1.036,46.0325569,10.1469369,-25.53486575,4.772927185,5.293388428
Terrestrial,Invertebrate,Beetle,Carabid beetle,beetle,t.fauna,Carabid beetle,SI0478,SP0399,3,8,691784,5904767,Winter,17,2,2016,whole organism,140918-433,0.984,45.8711985,8.6524393,-26.41009821,4.162630548,6.185932129
Terrestrial,Invertebrate,Beetle,Carabid beetle,beetle,t.fauna,Carabid beetle,SI0535,SP0453,6,8,685042,5950280,Winter,16,2,2016,whole organism,140918-424,0.847,47.4175055,9.2708508,-29.24847807,4.645215405,5.967916472
Terrestrial,Invertebrate,Beetle,Carabid beetle,beetle,t.fauna,Carabid beetle,SI0536,SP0454,6,8,685042,5950280,Winter,16,2,2016,whole organism,100918-243,1.137,56.5851817,10.702873,-29.7248084,3.603900131,6.168874959
Terrestrial,Invertebrate,Beetle,Carabid beetle,beetle,t.fauna,Carabid beetle,SI0537,SP0455,6,8,685042,5950280,Winter,16,2,2016,whole organism,110918-348,1.337,45.2600662,8.9920081,-28.05079154,4.748061358,5.873028658
